"`SpMax1_Bh(m)`"	"Confirmed"
"`SpMax2_Bh(m)`"	"Rejected"
"`SpMax3_Bh(m)`"	"Rejected"
"`SpMax4_Bh(m)`"	"Confirmed"
"`SpMax5_Bh(m)`"	"Rejected"
"`SpMax6_Bh(m)`"	"Rejected"
"`SpMax7_Bh(m)`"	"Rejected"
"`SpMax8_Bh(m)`"	"Rejected"
"`SpMax1_Bh(v)`"	"Rejected"
"`SpMax2_Bh(v)`"	"Rejected"
"`SpMax3_Bh(v)`"	"Confirmed"
"`SpMax4_Bh(v)`"	"Confirmed"
"`SpMax5_Bh(v)`"	"Confirmed"
"`SpMax6_Bh(v)`"	"Rejected"
"`SpMax7_Bh(v)`"	"Rejected"
"`SpMax8_Bh(v)`"	"Rejected"
"`SpMax1_Bh(e)`"	"Confirmed"
"`SpMax2_Bh(e)`"	"Rejected"
"`SpMax3_Bh(e)`"	"Confirmed"
"`SpMax4_Bh(e)`"	"Confirmed"
"`SpMax5_Bh(e)`"	"Rejected"
"`SpMax6_Bh(e)`"	"Rejected"
"`SpMax7_Bh(e)`"	"Rejected"
"`SpMax8_Bh(e)`"	"Rejected"
"`SpMax1_Bh(p)`"	"Confirmed"
"`SpMax2_Bh(p)`"	"Rejected"
"`SpMax3_Bh(p)`"	"Rejected"
"`SpMax4_Bh(p)`"	"Confirmed"
"`SpMax5_Bh(p)`"	"Rejected"
"`SpMax6_Bh(p)`"	"Confirmed"
"`SpMax7_Bh(p)`"	"Confirmed"
"`SpMax8_Bh(p)`"	"Rejected"
"`SpMax1_Bh(i)`"	"Confirmed"
"`SpMax2_Bh(i)`"	"Rejected"
"`SpMax3_Bh(i)`"	"Confirmed"
"`SpMax4_Bh(i)`"	"Confirmed"
"`SpMax5_Bh(i)`"	"Rejected"
"`SpMax6_Bh(i)`"	"Rejected"
"`SpMax7_Bh(i)`"	"Rejected"
"`SpMax8_Bh(i)`"	"Rejected"
"`SpMin1_Bh(m)`"	"Confirmed"
"`SpMin2_Bh(m)`"	"Rejected"
"`SpMin3_Bh(m)`"	"Rejected"
"`SpMin4_Bh(m)`"	"Rejected"
"`SpMin5_Bh(m)`"	"Confirmed"
"`SpMin6_Bh(m)`"	"Rejected"
"`SpMin7_Bh(m)`"	"Rejected"
"`SpMin8_Bh(m)`"	"Confirmed"
"`SpMin1_Bh(v)`"	"Confirmed"
"`SpMin2_Bh(v)`"	"Rejected"
"`SpMin3_Bh(v)`"	"Confirmed"
"`SpMin4_Bh(v)`"	"Rejected"
"`SpMin5_Bh(v)`"	"Rejected"
"`SpMin6_Bh(v)`"	"Rejected"
"`SpMin7_Bh(v)`"	"Rejected"
"`SpMin8_Bh(v)`"	"Rejected"
"`SpMin1_Bh(e)`"	"Confirmed"
"`SpMin2_Bh(e)`"	"Rejected"
"`SpMin3_Bh(e)`"	"Confirmed"
"`SpMin4_Bh(e)`"	"Rejected"
"`SpMin5_Bh(e)`"	"Confirmed"
"`SpMin6_Bh(e)`"	"Rejected"
"`SpMin7_Bh(e)`"	"Rejected"
"`SpMin8_Bh(e)`"	"Confirmed"
"`SpMin1_Bh(p)`"	"Confirmed"
"`SpMin2_Bh(p)`"	"Confirmed"
"`SpMin3_Bh(p)`"	"Confirmed"
"`SpMin4_Bh(p)`"	"Rejected"
"`SpMin5_Bh(p)`"	"Rejected"
"`SpMin6_Bh(p)`"	"Rejected"
"`SpMin7_Bh(p)`"	"Rejected"
"`SpMin8_Bh(p)`"	"Rejected"
"`SpMin1_Bh(i)`"	"Confirmed"
"`SpMin2_Bh(i)`"	"Confirmed"
"`SpMin3_Bh(i)`"	"Confirmed"
"`SpMin4_Bh(i)`"	"Rejected"
"`SpMin5_Bh(i)`"	"Confirmed"
"`SpMin6_Bh(i)`"	"Rejected"
"`SpMin7_Bh(i)`"	"Rejected"
"`SpMin8_Bh(i)`"	"Rejected"
"SsCH3"	"Confirmed"
"SdCH2"	"Rejected"
"SssCH2"	"Rejected"
"StCH"	"Rejected"
"SdsCH"	"Rejected"
"SaaCH"	"Confirmed"
"SsssCH"	"Confirmed"
"SddC"	"Rejected"
"StsC"	"Rejected"
"SdssC"	"Confirmed"
"SaasC"	"Confirmed"
"SaaaC"	"Rejected"
"SssssC"	"Rejected"
"SsNH2"	"Rejected"
"SssNH"	"Confirmed"
"SdNH"	"Rejected"
"SsssN"	"Confirmed"
"SdsN"	"Rejected"
"SaaN"	"Rejected"
"StN"	"Confirmed"
"`SsNH3+`"	"Rejected"
"`SssNH2+`"	"Rejected"
"`SdNH2+`"	"Rejected"
"`SsssNH+`"	"Rejected"
"`SssssN+`"	"Rejected"
"SddsN"	"Rejected"
"SaadN"	"Rejected"
"SaasN"	"Rejected"
"SaaNH"	"Rejected"
"SsOH"	"Confirmed"
"SdO"	"Confirmed"
"SssO"	"Confirmed"
"SaaO"	"Rejected"
"SsPH2"	"Rejected"
"SssPH"	"Rejected"
"SsssP"	"Rejected"
"SdsssP"	"Rejected"
"SddsP"	"Rejected"
"SsssssP"	"Rejected"
"SsSH"	"Rejected"
"SdS"	"Rejected"
"SssS"	"Rejected"
"SaaS"	"Rejected"
"SdssS"	"Rejected"
"SddssS"	"Rejected"
"SssssssS"	"Rejected"
"SsF"	"Rejected"
"SsCl"	"Rejected"
"SsBr"	"Rejected"
"SsI"	"Rejected"
"SsLi"	"Rejected"
"SssBe"	"Rejected"
"`SssssBe-`"	"Rejected"
"SsBH2"	"Rejected"
"SssBH"	"Rejected"
"SsssB"	"Rejected"
"`SssssB-`"	"Rejected"
"SsGeH3"	"Rejected"
"SssGeH2"	"Rejected"
"SsssGeH"	"Rejected"
"SssssGe"	"Rejected"
"SsAsH2"	"Rejected"
"SssAsH"	"Rejected"
"SsssAs"	"Rejected"
"SsssssAs"	"Rejected"
"SdsssAs"	"Rejected"
"SddsAs"	"Rejected"
"SsSeH"	"Rejected"
"SdSe"	"Rejected"
"SssSe"	"Rejected"
"SaaSe"	"Rejected"
"SdssSe"	"Rejected"
"SssssssSe"	"Rejected"
"SddssSe"	"Rejected"
"SsSnH3"	"Rejected"
"SssSnH2"	"Rejected"
"SsssSnH"	"Rejected"
"SssssSn"	"Rejected"
"SsPbH3"	"Rejected"
"SssPbH2"	"Rejected"
"SsssPbH"	"Rejected"
"SssssPb"	"Rejected"
"SsSiH3"	"Rejected"
"SssSiH2"	"Rejected"
"SsssSiH"	"Rejected"
"SssssSi"	"Rejected"
"NsCH3"	"Rejected"
"NdCH2"	"Rejected"
"NssCH2"	"Rejected"
"NtCH"	"Rejected"
"NdsCH"	"Rejected"
"NaaCH"	"Rejected"
"NsssCH"	"Rejected"
"NddC"	"Rejected"
"NtsC"	"Rejected"
"NdssC"	"Rejected"
"NaasC"	"Rejected"
"NaaaC"	"Rejected"
"NssssC"	"Rejected"
"NsNH2"	"Rejected"
"NssNH"	"Rejected"
"NdNH"	"Rejected"
"NsssN"	"Confirmed"
"NdsN"	"Rejected"
"NaaN"	"Rejected"
"NtN"	"Confirmed"
"`NsNH3+`"	"Rejected"
"`NssNH2+`"	"Rejected"
"`NdNH2+`"	"Rejected"
"`NsssNH+`"	"Rejected"
"`NssssN+`"	"Rejected"
"NddsN"	"Rejected"
"NaadN"	"Rejected"
"NaasN"	"Rejected"
"NaaNH"	"Rejected"
"NsOH"	"Rejected"
"NdO"	"Rejected"
"NssO"	"Rejected"
"NaaO"	"Rejected"
"NsPH2"	"Rejected"
"NssPH"	"Rejected"
"NsssP"	"Rejected"
"NdsssP"	"Rejected"
"NddsP"	"Rejected"
"NsssssP"	"Rejected"
"NsSH"	"Rejected"
"NdS"	"Rejected"
"NssS"	"Rejected"
"NaaS"	"Rejected"
"NdssS"	"Rejected"
"NddssS"	"Rejected"
"NssssssS"	"Rejected"
"NsF"	"Rejected"
"NsCl"	"Rejected"
"NsBr"	"Rejected"
"NsI"	"Rejected"
"NsLi"	"Rejected"
"NssBe"	"Rejected"
"`NssssBe-`"	"Rejected"
"NsBH2"	"Rejected"
"NssBH"	"Rejected"
"NsssB"	"Rejected"
"`NssssB-`"	"Rejected"
"NsGeH3"	"Rejected"
"NssGeH2"	"Rejected"
"NsssGeH"	"Rejected"
"NssssGe"	"Rejected"
"NsAsH2"	"Rejected"
"NssAsH"	"Rejected"
"NsssAs"	"Rejected"
"NsssssAs"	"Rejected"
"NdsssAs"	"Rejected"
"NddsAs"	"Rejected"
"NsSeH"	"Rejected"
"NdSe"	"Rejected"
"NssSe"	"Rejected"
"NaaSe"	"Rejected"
"NdssSe"	"Rejected"
"NssssssSe"	"Rejected"
"NddssSe"	"Rejected"
"NsSnH3"	"Rejected"
"NssSnH2"	"Rejected"
"NsssSnH"	"Rejected"
"NssssSn"	"Rejected"
"NsPbH3"	"Rejected"
"NssPbH2"	"Rejected"
"NsssPbH"	"Rejected"
"NssssPb"	"Rejected"
"NsSiH3"	"Rejected"
"NssSiH2"	"Rejected"
"NsssSiH"	"Rejected"
"NssssSi"	"Rejected"
"Wap"	"Rejected"
"S1K"	"Rejected"
"S2K"	"Confirmed"
"S3K"	"Confirmed"
"PHI"	"Confirmed"
"PW2"	"Confirmed"
"PW3"	"Rejected"
"PW4"	"Confirmed"
"PW5"	"Confirmed"
"MAXDN"	"Confirmed"
"MAXDP"	"Confirmed"
"DELS"	"Confirmed"
"TIE"	"Confirmed"
"Uc"	"Rejected"
"Ui"	"Rejected"
"Hy"	"Confirmed"
"`TPSA(NO)`"	"Confirmed"
"`TPSA(Tot)`"	"Confirmed"
"SAacc"	"Confirmed"
"SAdon"	"Rejected"
"Vx"	"Rejected"
"VvdwMG"	"Rejected"
"SpMax_EA"	"Confirmed"
"SpMaxA_EA"	"Confirmed"
"SpDiam_EA"	"Confirmed"
"SpAD_EA"	"Rejected"
"SpMAD_EA"	"Confirmed"
"`SpMax_EA(ed)`"	"Confirmed"
"`SpMaxA_EA(ed)`"	"Confirmed"
"`SpDiam_EA(ed)`"	"Confirmed"
"`SpAD_EA(ed)`"	"Rejected"
"`SpMAD_EA(ed)`"	"Confirmed"
"`SpMax_EA(bo)`"	"Confirmed"
"`SpMaxA_EA(bo)`"	"Confirmed"
"`SpDiam_EA(bo)`"	"Confirmed"
"`SpAD_EA(bo)`"	"Rejected"
"`SpMAD_EA(bo)`"	"Confirmed"
"`SpMax_EA(dm)`"	"Rejected"
"`SpMaxA_EA(dm)`"	"Confirmed"
"`SpDiam_EA(dm)`"	"Rejected"
"`SpAD_EA(dm)`"	"Rejected"
"`SpMAD_EA(dm)`"	"Confirmed"
"`SpMax_EA(ri)`"	"Confirmed"
"`SpMaxA_EA(ri)`"	"Confirmed"
"`SpDiam_EA(ri)`"	"Confirmed"
"`SpAD_EA(ri)`"	"Rejected"
"`SpMAD_EA(ri)`"	"Confirmed"
"`SpMax_AEA(ed)`"	"Confirmed"
"`SpMaxA_AEA(ed)`"	"Confirmed"
"`SpDiam_AEA(ed)`"	"Confirmed"
"`SpAD_AEA(ed)`"	"Rejected"
"`SpMAD_AEA(ed)`"	"Rejected"
"`SpMax_AEA(bo)`"	"Confirmed"
"`SpMaxA_AEA(bo)`"	"Confirmed"
"`SpDiam_AEA(bo)`"	"Rejected"
"`SpAD_AEA(bo)`"	"Rejected"
"`SpMAD_AEA(bo)`"	"Confirmed"
"`SpMax_AEA(dm)`"	"Confirmed"
"`SpMaxA_AEA(dm)`"	"Confirmed"
"`SpDiam_AEA(dm)`"	"Confirmed"
"`SpAD_AEA(dm)`"	"Rejected"
"`SpMAD_AEA(dm)`"	"Rejected"
"`SpMax_AEA(ri)`"	"Confirmed"
"`SpMaxA_AEA(ri)`"	"Confirmed"
"`SpDiam_AEA(ri)`"	"Rejected"
"`SpAD_AEA(ri)`"	"Rejected"
"`SpMAD_AEA(ri)`"	"Confirmed"
"Chi0_EA"	"Rejected"
"Chi1_EA"	"Rejected"
"`Chi0_EA(ed)`"	"Rejected"
"`Chi1_EA(ed)`"	"Rejected"
"`Chi0_EA(bo)`"	"Rejected"
"`Chi1_EA(bo)`"	"Rejected"
"`Chi0_EA(dm)`"	"Confirmed"
"`Chi1_EA(dm)`"	"Confirmed"
"`Chi0_EA(ri)`"	"Rejected"
"`Chi1_EA(ri)`"	"Rejected"
"`Chi0_AEA(ed)`"	"Rejected"
"`Chi1_AEA(ed)`"	"Rejected"
"`Chi0_AEA(bo)`"	"Rejected"
"`Chi1_AEA(bo)`"	"Rejected"
"`Chi0_AEA(dm)`"	"Rejected"
"`Chi1_AEA(dm)`"	"Rejected"
"`Chi0_AEA(ri)`"	"Rejected"
"`Chi1_AEA(ri)`"	"Rejected"
"SM02_EA"	"Rejected"
"SM03_EA"	"Rejected"
"SM04_EA"	"Rejected"
"SM05_EA"	"Rejected"
"SM06_EA"	"Rejected"
"SM07_EA"	"Rejected"
"SM08_EA"	"Rejected"
"SM09_EA"	"Rejected"
"SM10_EA"	"Rejected"
"SM11_EA"	"Rejected"
"SM12_EA"	"Rejected"
"SM13_EA"	"Rejected"
"SM14_EA"	"Confirmed"
"SM15_EA"	"Rejected"
"`SM02_EA(ed)`"	"Rejected"
"`SM03_EA(ed)`"	"Rejected"
"`SM04_EA(ed)`"	"Rejected"
"`SM05_EA(ed)`"	"Rejected"
"`SM06_EA(ed)`"	"Rejected"
"`SM07_EA(ed)`"	"Rejected"
"`SM08_EA(ed)`"	"Rejected"
"`SM09_EA(ed)`"	"Rejected"
"`SM10_EA(ed)`"	"Confirmed"
"`SM11_EA(ed)`"	"Confirmed"
"`SM12_EA(ed)`"	"Confirmed"
"`SM13_EA(ed)`"	"Confirmed"
"`SM14_EA(ed)`"	"Confirmed"
"`SM15_EA(ed)`"	"Confirmed"
"`SM02_EA(bo)`"	"Confirmed"
"`SM03_EA(bo)`"	"Rejected"
"`SM04_EA(bo)`"	"Confirmed"
"`SM05_EA(bo)`"	"Confirmed"
"`SM06_EA(bo)`"	"Confirmed"
"`SM07_EA(bo)`"	"Confirmed"
"`SM08_EA(bo)`"	"Confirmed"
"`SM09_EA(bo)`"	"Confirmed"
"`SM10_EA(bo)`"	"Confirmed"
"`SM11_EA(bo)`"	"Confirmed"
"`SM12_EA(bo)`"	"Confirmed"
"`SM13_EA(bo)`"	"Confirmed"
"`SM14_EA(bo)`"	"Confirmed"
"`SM15_EA(bo)`"	"Confirmed"
"`SM02_EA(dm)`"	"Rejected"
"`SM03_EA(dm)`"	"Rejected"
"`SM04_EA(dm)`"	"Rejected"
"`SM05_EA(dm)`"	"Rejected"
"`SM06_EA(dm)`"	"Rejected"
"`SM07_EA(dm)`"	"Rejected"
"`SM08_EA(dm)`"	"Rejected"
"`SM09_EA(dm)`"	"Rejected"
"`SM10_EA(dm)`"	"Rejected"
"`SM11_EA(dm)`"	"Rejected"
"`SM12_EA(dm)`"	"Rejected"
"`SM13_EA(dm)`"	"Rejected"
"`SM14_EA(dm)`"	"Rejected"
"`SM15_EA(dm)`"	"Rejected"
"`SM02_EA(ri)`"	"Rejected"
"`SM03_EA(ri)`"	"Rejected"
"`SM04_EA(ri)`"	"Rejected"
"`SM05_EA(ri)`"	"Rejected"
"`SM06_EA(ri)`"	"Rejected"
"`SM07_EA(ri)`"	"Rejected"
"`SM08_EA(ri)`"	"Rejected"
"`SM09_EA(ri)`"	"Rejected"
"`SM10_EA(ri)`"	"Confirmed"
"`SM11_EA(ri)`"	"Confirmed"
"`SM12_EA(ri)`"	"Confirmed"
"`SM13_EA(ri)`"	"Confirmed"
"`SM14_EA(ri)`"	"Confirmed"
"`SM15_EA(ri)`"	"Confirmed"
"`SM02_AEA(ed)`"	"Rejected"
"`SM03_AEA(ed)`"	"Rejected"
"`SM04_AEA(ed)`"	"Rejected"
"`SM05_AEA(ed)`"	"Rejected"
"`SM06_AEA(ed)`"	"Rejected"
"`SM07_AEA(ed)`"	"Rejected"
"`SM08_AEA(ed)`"	"Rejected"
"`SM09_AEA(ed)`"	"Rejected"
"`SM10_AEA(ed)`"	"Rejected"
"`SM11_AEA(ed)`"	"Rejected"
"`SM12_AEA(ed)`"	"Rejected"
"`SM13_AEA(ed)`"	"Rejected"
"`SM14_AEA(ed)`"	"Rejected"
"`SM15_AEA(ed)`"	"Rejected"
"`SM02_AEA(bo)`"	"Rejected"
"`SM03_AEA(bo)`"	"Rejected"
"`SM04_AEA(bo)`"	"Rejected"
"`SM05_AEA(bo)`"	"Rejected"
"`SM06_AEA(bo)`"	"Rejected"
"`SM07_AEA(bo)`"	"Rejected"
"`SM08_AEA(bo)`"	"Rejected"
"`SM09_AEA(bo)`"	"Confirmed"
"`SM10_AEA(bo)`"	"Rejected"
"`SM11_AEA(bo)`"	"Rejected"
"`SM12_AEA(bo)`"	"Confirmed"
"`SM13_AEA(bo)`"	"Confirmed"
"`SM14_AEA(bo)`"	"Confirmed"
"`SM15_AEA(bo)`"	"Rejected"
"`SM02_AEA(dm)`"	"Rejected"
"`SM03_AEA(dm)`"	"Rejected"
"`SM04_AEA(dm)`"	"Rejected"
"`SM05_AEA(dm)`"	"Rejected"
"`SM06_AEA(dm)`"	"Rejected"
"`SM07_AEA(dm)`"	"Rejected"
"`SM08_AEA(dm)`"	"Rejected"
"`SM09_AEA(dm)`"	"Rejected"
"`SM10_AEA(dm)`"	"Confirmed"
"`SM11_AEA(dm)`"	"Rejected"
"`SM12_AEA(dm)`"	"Rejected"
"`SM13_AEA(dm)`"	"Rejected"
"`SM14_AEA(dm)`"	"Rejected"
"`SM15_AEA(dm)`"	"Confirmed"
"`SM02_AEA(ri)`"	"Rejected"
"`SM03_AEA(ri)`"	"Rejected"
"`SM04_AEA(ri)`"	"Rejected"
"`SM05_AEA(ri)`"	"Rejected"
"`SM06_AEA(ri)`"	"Rejected"
"`SM07_AEA(ri)`"	"Rejected"
"`SM08_AEA(ri)`"	"Rejected"
"`SM09_AEA(ri)`"	"Rejected"
"`SM10_AEA(ri)`"	"Rejected"
"`SM11_AEA(ri)`"	"Confirmed"
"`SM12_AEA(ri)`"	"Rejected"
"`SM13_AEA(ri)`"	"Rejected"
"`SM14_AEA(ri)`"	"Confirmed"
"`SM15_AEA(ri)`"	"Rejected"
"Eig01_EA"	"Confirmed"
"Eig02_EA"	"Rejected"
"Eig03_EA"	"Rejected"
"Eig04_EA"	"Confirmed"
"Eig05_EA"	"Rejected"
"Eig06_EA"	"Confirmed"
"Eig07_EA"	"Rejected"
"Eig08_EA"	"Rejected"
"Eig09_EA"	"Rejected"
"Eig10_EA"	"Rejected"
"Eig11_EA"	"Rejected"
"Eig12_EA"	"Rejected"
"Eig13_EA"	"Rejected"
"Eig14_EA"	"Rejected"
"Eig15_EA"	"Rejected"
"`Eig01_EA(ed)`"	"Confirmed"
"`Eig02_EA(ed)`"	"Rejected"
"`Eig03_EA(ed)`"	"Rejected"
"`Eig04_EA(ed)`"	"Rejected"
"`Eig05_EA(ed)`"	"Rejected"
"`Eig06_EA(ed)`"	"Confirmed"
"`Eig07_EA(ed)`"	"Rejected"
"`Eig08_EA(ed)`"	"Rejected"
"`Eig09_EA(ed)`"	"Rejected"
"`Eig10_EA(ed)`"	"Rejected"
"`Eig11_EA(ed)`"	"Rejected"
"`Eig12_EA(ed)`"	"Rejected"
"`Eig13_EA(ed)`"	"Rejected"
"`Eig14_EA(ed)`"	"Rejected"
"`Eig15_EA(ed)`"	"Rejected"
"`Eig01_EA(bo)`"	"Confirmed"
"`Eig02_EA(bo)`"	"Rejected"
"`Eig03_EA(bo)`"	"Rejected"
"`Eig04_EA(bo)`"	"Confirmed"
"`Eig05_EA(bo)`"	"Rejected"
"`Eig06_EA(bo)`"	"Confirmed"
"`Eig07_EA(bo)`"	"Rejected"
"`Eig08_EA(bo)`"	"Rejected"
"`Eig09_EA(bo)`"	"Confirmed"
"`Eig10_EA(bo)`"	"Rejected"
"`Eig11_EA(bo)`"	"Rejected"
"`Eig12_EA(bo)`"	"Rejected"
"`Eig13_EA(bo)`"	"Rejected"
"`Eig14_EA(bo)`"	"Rejected"
"`Eig15_EA(bo)`"	"Rejected"
"`Eig01_EA(dm)`"	"Rejected"
"`Eig02_EA(dm)`"	"Rejected"
"`Eig03_EA(dm)`"	"Confirmed"
"`Eig04_EA(dm)`"	"Rejected"
"`Eig05_EA(dm)`"	"Rejected"
"`Eig06_EA(dm)`"	"Rejected"
"`Eig07_EA(dm)`"	"Rejected"
"`Eig08_EA(dm)`"	"Rejected"
"`Eig09_EA(dm)`"	"Rejected"
"`Eig10_EA(dm)`"	"Rejected"
"`Eig11_EA(dm)`"	"Rejected"
"`Eig12_EA(dm)`"	"Rejected"
"`Eig13_EA(dm)`"	"Rejected"
"`Eig14_EA(dm)`"	"Rejected"
"`Eig15_EA(dm)`"	"Rejected"
"`Eig01_EA(ri)`"	"Confirmed"
"`Eig02_EA(ri)`"	"Rejected"
"`Eig03_EA(ri)`"	"Rejected"
"`Eig04_EA(ri)`"	"Confirmed"
"`Eig05_EA(ri)`"	"Rejected"
"`Eig06_EA(ri)`"	"Confirmed"
"`Eig07_EA(ri)`"	"Rejected"
"`Eig08_EA(ri)`"	"Rejected"
"`Eig09_EA(ri)`"	"Rejected"
"`Eig10_EA(ri)`"	"Rejected"
"`Eig11_EA(ri)`"	"Confirmed"
"`Eig12_EA(ri)`"	"Rejected"
"`Eig13_EA(ri)`"	"Rejected"
"`Eig14_EA(ri)`"	"Rejected"
"`Eig15_EA(ri)`"	"Rejected"
"`Eig01_AEA(ed)`"	"Confirmed"
"`Eig02_AEA(ed)`"	"Rejected"
"`Eig03_AEA(ed)`"	"Rejected"
"`Eig04_AEA(ed)`"	"Confirmed"
"`Eig05_AEA(ed)`"	"Rejected"
"`Eig06_AEA(ed)`"	"Confirmed"
"`Eig07_AEA(ed)`"	"Rejected"
"`Eig08_AEA(ed)`"	"Rejected"
"`Eig09_AEA(ed)`"	"Rejected"
"`Eig10_AEA(ed)`"	"Rejected"
"`Eig11_AEA(ed)`"	"Rejected"
"`Eig12_AEA(ed)`"	"Rejected"
"`Eig13_AEA(ed)`"	"Rejected"
"`Eig14_AEA(ed)`"	"Rejected"
"`Eig15_AEA(ed)`"	"Rejected"
"`Eig01_AEA(bo)`"	"Confirmed"
"`Eig02_AEA(bo)`"	"Rejected"
"`Eig03_AEA(bo)`"	"Rejected"
"`Eig04_AEA(bo)`"	"Confirmed"
"`Eig05_AEA(bo)`"	"Rejected"
"`Eig06_AEA(bo)`"	"Confirmed"
"`Eig07_AEA(bo)`"	"Rejected"
"`Eig08_AEA(bo)`"	"Confirmed"
"`Eig09_AEA(bo)`"	"Confirmed"
"`Eig10_AEA(bo)`"	"Rejected"
"`Eig11_AEA(bo)`"	"Rejected"
"`Eig12_AEA(bo)`"	"Rejected"
"`Eig13_AEA(bo)`"	"Rejected"
"`Eig14_AEA(bo)`"	"Rejected"
"`Eig15_AEA(bo)`"	"Rejected"
"`Eig01_AEA(dm)`"	"Confirmed"
"`Eig02_AEA(dm)`"	"Rejected"
"`Eig03_AEA(dm)`"	"Confirmed"
"`Eig04_AEA(dm)`"	"Rejected"
"`Eig05_AEA(dm)`"	"Rejected"
"`Eig06_AEA(dm)`"	"Confirmed"
"`Eig07_AEA(dm)`"	"Rejected"
"`Eig08_AEA(dm)`"	"Rejected"
"`Eig09_AEA(dm)`"	"Rejected"
"`Eig10_AEA(dm)`"	"Rejected"
"`Eig11_AEA(dm)`"	"Rejected"
"`Eig12_AEA(dm)`"	"Rejected"
"`Eig13_AEA(dm)`"	"Rejected"
"`Eig14_AEA(dm)`"	"Rejected"
"`Eig15_AEA(dm)`"	"Rejected"
"`Eig01_AEA(ri)`"	"Confirmed"
"`Eig02_AEA(ri)`"	"Rejected"
"`Eig03_AEA(ri)`"	"Rejected"
"`Eig04_AEA(ri)`"	"Confirmed"
"`Eig05_AEA(ri)`"	"Rejected"
"`Eig06_AEA(ri)`"	"Confirmed"
"`Eig07_AEA(ri)`"	"Rejected"
"`Eig08_AEA(ri)`"	"Rejected"
"`Eig09_AEA(ri)`"	"Rejected"
"`Eig10_AEA(ri)`"	"Rejected"
"`Eig11_AEA(ri)`"	"Rejected"
"`Eig12_AEA(ri)`"	"Rejected"
"`Eig13_AEA(ri)`"	"Rejected"
"`Eig14_AEA(ri)`"	"Rejected"
"`Eig15_AEA(ri)`"	"Rejected"
"Eta_alpha"	"Rejected"
"Eta_alpha_A"	"Confirmed"
"Eta_epsi"	"Rejected"
"Eta_epsi_A"	"Rejected"
"Eta_betaS"	"Rejected"
"Eta_betaS_A"	"Confirmed"
"Eta_betaP"	"Rejected"
"Eta_betaP_A"	"Rejected"
"Eta_beta"	"Confirmed"
"Eta_beta_A"	"Confirmed"
"Eta_C"	"Rejected"
"Eta_C_A"	"Confirmed"
"Eta_L"	"Rejected"
"Eta_L_A"	"Confirmed"
"Eta_F"	"Rejected"
"Eta_F_A"	"Rejected"
"Eta_FL"	"Rejected"
"Eta_FL_A"	"Rejected"
"Eta_sh_p"	"Confirmed"
"Eta_sh_y"	"Rejected"
"Eta_sh_x"	"Confirmed"
"nCIC"	"Rejected"
"nCIR"	"Rejected"
"TRS"	"Rejected"
"Rperim"	"Rejected"
"Rbrid"	"Rejected"
"MCD"	"Confirmed"
"RFD"	"Rejected"
"RCI"	"Rejected"
"NRS"	"Rejected"
"NNRS"	"Rejected"
"nR03"	"Rejected"
"nR04"	"Rejected"
"nR05"	"Rejected"
"nR06"	"Rejected"
"nR07"	"Rejected"
"nR08"	"Rejected"
"nR09"	"Rejected"
"nR10"	"Rejected"
"nR11"	"Rejected"
"nR12"	"Rejected"
"nBnz"	"Rejected"
"ARR"	"Rejected"
"P_VSA_LogP_1"	"Rejected"
"P_VSA_LogP_2"	"Confirmed"
"P_VSA_LogP_3"	"Confirmed"
"P_VSA_LogP_4"	"Rejected"
"P_VSA_LogP_5"	"Confirmed"
"P_VSA_LogP_6"	"Rejected"
"P_VSA_LogP_7"	"Rejected"
"P_VSA_LogP_8"	"Rejected"
"P_VSA_MR_1"	"Confirmed"
"P_VSA_MR_2"	"Confirmed"
"P_VSA_MR_3"	"Confirmed"
"P_VSA_MR_4"	"Rejected"
"P_VSA_MR_5"	"Confirmed"
"P_VSA_MR_6"	"Confirmed"
"P_VSA_MR_7"	"Confirmed"
"P_VSA_MR_8"	"Confirmed"
"P_VSA_m_1"	"Rejected"
"P_VSA_m_2"	"Confirmed"
"P_VSA_m_3"	"Confirmed"
"P_VSA_m_4"	"Rejected"
"P_VSA_m_5"	"Rejected"
"P_VSA_v_1"	"Rejected"
"P_VSA_v_2"	"Confirmed"
"P_VSA_v_3"	"Confirmed"
"P_VSA_v_4"	"Rejected"
"P_VSA_e_1"	"Rejected"
"P_VSA_e_2"	"Confirmed"
"P_VSA_e_3"	"Confirmed"
"P_VSA_e_4"	"Rejected"
"P_VSA_e_5"	"Confirmed"
"P_VSA_e_6"	"Rejected"
"P_VSA_p_1"	"Rejected"
"P_VSA_p_2"	"Confirmed"
"P_VSA_p_3"	"Confirmed"
"P_VSA_p_4"	"Rejected"
"P_VSA_i_1"	"Rejected"
"P_VSA_i_2"	"Confirmed"
"P_VSA_i_3"	"Confirmed"
"P_VSA_i_4"	"Confirmed"
"P_VSA_s_1"	"Rejected"
"P_VSA_s_2"	"Confirmed"
"P_VSA_s_3"	"Rejected"
"P_VSA_s_4"	"Rejected"
"P_VSA_s_5"	"Rejected"
"P_VSA_s_6"	"Confirmed"
"P_VSA_ppp_L"	"Rejected"
"P_VSA_ppp_P"	"Rejected"
"P_VSA_ppp_N"	"Rejected"
"P_VSA_ppp_D"	"Confirmed"
"P_VSA_ppp_A"	"Confirmed"
"P_VSA_ppp_ar"	"Confirmed"
"P_VSA_ppp_con"	"Rejected"
"P_VSA_ppp_hal"	"Rejected"
"P_VSA_ppp_cyc"	"Confirmed"
"P_VSA_ppp_ter"	"Confirmed"
"ATS1m"	"Rejected"
"ATS2m"	"Rejected"
"ATS3m"	"Confirmed"
"ATS4m"	"Rejected"
"ATS5m"	"Rejected"
"ATS6m"	"Rejected"
"ATS7m"	"Rejected"
"ATS8m"	"Rejected"
"ATS1v"	"Rejected"
"ATS2v"	"Rejected"
"ATS3v"	"Rejected"
"ATS4v"	"Rejected"
"ATS5v"	"Rejected"
"ATS6v"	"Rejected"
"ATS7v"	"Rejected"
"ATS8v"	"Rejected"
"ATS1e"	"Rejected"
"ATS2e"	"Rejected"
"ATS3e"	"Rejected"
"ATS4e"	"Rejected"
"ATS5e"	"Rejected"
"ATS6e"	"Rejected"
"ATS7e"	"Rejected"
"ATS8e"	"Rejected"
"ATS1p"	"Rejected"
"ATS2p"	"Rejected"
"ATS3p"	"Confirmed"
"ATS4p"	"Rejected"
"ATS5p"	"Confirmed"
"ATS6p"	"Rejected"
"ATS7p"	"Rejected"
"ATS8p"	"Rejected"
"ATS1i"	"Rejected"
"ATS2i"	"Rejected"
"ATS3i"	"Rejected"
"ATS4i"	"Confirmed"
"ATS5i"	"Confirmed"
"ATS6i"	"Rejected"
"ATS7i"	"Rejected"
"ATS8i"	"Rejected"
"ATSC1m"	"Confirmed"
"ATSC2m"	"Confirmed"
"ATSC3m"	"Confirmed"
"ATSC4m"	"Confirmed"
"ATSC5m"	"Rejected"
"ATSC6m"	"Rejected"
"ATSC7m"	"Rejected"
"ATSC8m"	"Rejected"
"ATSC1v"	"Confirmed"
"ATSC2v"	"Confirmed"
"ATSC3v"	"Confirmed"
"ATSC4v"	"Confirmed"
"ATSC5v"	"Confirmed"
"ATSC6v"	"Rejected"
"ATSC7v"	"Rejected"
"ATSC8v"	"Rejected"
"ATSC1e"	"Confirmed"
"ATSC2e"	"Confirmed"
"ATSC3e"	"Rejected"
"ATSC4e"	"Confirmed"
"ATSC5e"	"Rejected"
"ATSC6e"	"Rejected"
"ATSC7e"	"Rejected"
"ATSC8e"	"Rejected"
"ATSC1p"	"Confirmed"
"ATSC2p"	"Rejected"
"ATSC3p"	"Rejected"
"ATSC4p"	"Rejected"
"ATSC5p"	"Confirmed"
"ATSC6p"	"Rejected"
"ATSC7p"	"Rejected"
"ATSC8p"	"Rejected"
"ATSC1i"	"Rejected"
"ATSC2i"	"Rejected"
"ATSC3i"	"Confirmed"
"ATSC4i"	"Confirmed"
"ATSC5i"	"Confirmed"
"ATSC6i"	"Rejected"
"ATSC7i"	"Rejected"
"ATSC8i"	"Rejected"
"MATS1m"	"Confirmed"
"MATS2m"	"Rejected"
"MATS3m"	"Confirmed"
"MATS4m"	"Rejected"
"MATS5m"	"Confirmed"
"MATS6m"	"Confirmed"
"MATS7m"	"Rejected"
"MATS8m"	"Rejected"
"MATS1v"	"Confirmed"
"MATS2v"	"Confirmed"
"MATS3v"	"Rejected"
"MATS4v"	"Rejected"
"MATS5v"	"Confirmed"
"MATS6v"	"Confirmed"
"MATS7v"	"Rejected"
"MATS8v"	"Rejected"
"MATS1e"	"Confirmed"
"MATS2e"	"Confirmed"
"MATS3e"	"Confirmed"
"MATS4e"	"Confirmed"
"MATS5e"	"Rejected"
"MATS6e"	"Rejected"
"MATS7e"	"Confirmed"
"MATS8e"	"Rejected"
"MATS1p"	"Confirmed"
"MATS2p"	"Confirmed"
"MATS3p"	"Rejected"
"MATS4p"	"Confirmed"
"MATS5p"	"Rejected"
"MATS6p"	"Confirmed"
"MATS7p"	"Rejected"
"MATS8p"	"Rejected"
"MATS1i"	"Confirmed"
"MATS2i"	"Confirmed"
"MATS3i"	"Confirmed"
"MATS4i"	"Rejected"
"MATS5i"	"Confirmed"
"MATS6i"	"Rejected"
"MATS7i"	"Confirmed"
"MATS8i"	"Rejected"
"GATS1m"	"Confirmed"
"GATS2m"	"Confirmed"
"GATS3m"	"Confirmed"
"GATS4m"	"Confirmed"
"GATS5m"	"Confirmed"
"GATS6m"	"Rejected"
"GATS7m"	"Rejected"
"GATS8m"	"Rejected"
"GATS1v"	"Confirmed"
"GATS2v"	"Confirmed"
"GATS3v"	"Rejected"
"GATS4v"	"Rejected"
"GATS5v"	"Rejected"
"GATS6v"	"Confirmed"
"GATS7v"	"Rejected"
"GATS8v"	"Rejected"
"GATS1e"	"Confirmed"
"GATS2e"	"Confirmed"
"GATS3e"	"Confirmed"
"GATS4e"	"Confirmed"
"GATS5e"	"Rejected"
"GATS6e"	"Rejected"
"GATS7e"	"Rejected"
"GATS8e"	"Rejected"
"GATS1p"	"Confirmed"
"GATS2p"	"Confirmed"
"GATS3p"	"Rejected"
"GATS4p"	"Confirmed"
"GATS5p"	"Rejected"
"GATS6p"	"Rejected"
"GATS7p"	"Rejected"
"GATS8p"	"Rejected"
"GATS1i"	"Rejected"
"GATS2i"	"Confirmed"
"GATS3i"	"Rejected"
"GATS4i"	"Rejected"
"GATS5i"	"Rejected"
"GATS6i"	"Rejected"
"GATS7i"	"Rejected"
"GATS8i"	"Rejected"
"GGI1"	"Rejected"
"GGI2"	"Rejected"
"GGI3"	"Rejected"
"GGI4"	"Rejected"
"GGI5"	"Rejected"
"GGI6"	"Rejected"
"GGI7"	"Rejected"
"GGI8"	"Confirmed"
"GGI9"	"Rejected"
"GGI10"	"Rejected"
"JGI1"	"Rejected"
"JGI2"	"Confirmed"
"JGI3"	"Confirmed"
"JGI4"	"Rejected"
"JGI5"	"Confirmed"
"JGI6"	"Rejected"
"JGI7"	"Rejected"
"JGI8"	"Confirmed"
"JGI9"	"Rejected"
"JGI10"	"Rejected"
"JGT"	"Confirmed"
"`T(N..N)`"	"Confirmed"
"`T(N..O)`"	"Rejected"
"`T(N..S)`"	"Rejected"
"`T(N..P)`"	"Rejected"
"`T(N..F)`"	"Rejected"
"`T(N..Cl)`"	"Rejected"
"`T(N..Br)`"	"Rejected"
"`T(N..I)`"	"Rejected"
"`T(O..O)`"	"Confirmed"
"`T(O..S)`"	"Rejected"
"`T(O..P)`"	"Rejected"
"`T(O..F)`"	"Rejected"
"`T(O..Cl)`"	"Rejected"
"`T(O..Br)`"	"Rejected"
"`T(O..I)`"	"Rejected"
"`T(S..S)`"	"Rejected"
"`T(S..P)`"	"Rejected"
"`T(S..F)`"	"Rejected"
"`T(S..Cl)`"	"Rejected"
"`T(S..Br)`"	"Rejected"
"`T(S..I)`"	"Rejected"
"`T(P..P)`"	"Rejected"
"`T(P..F)`"	"Rejected"
"`T(P..Cl)`"	"Rejected"
"`T(P..Br)`"	"Rejected"
"`T(P..I)`"	"Rejected"
"`T(F..F)`"	"Rejected"
"`T(F..Cl)`"	"Rejected"
"`T(F..Br)`"	"Rejected"
"`T(F..I)`"	"Rejected"
"`T(Cl..Cl)`"	"Rejected"
"`T(Cl..Br)`"	"Rejected"
"`T(Cl..I)`"	"Rejected"
"`T(Br..Br)`"	"Rejected"
"`T(Br..I)`"	"Rejected"
"`T(I..I)`"	"Rejected"
"`B01[C-C]`"	"Rejected"
"`B01[C-N]`"	"Confirmed"
"`B01[C-O]`"	"Confirmed"
"`B01[C-S]`"	"Rejected"
"`B01[C-P]`"	"Rejected"
"`B01[C-F]`"	"Rejected"
"`B01[C-Cl]`"	"Rejected"
"`B01[C-Br]`"	"Rejected"
"`B01[C-I]`"	"Rejected"
"`B01[C-B]`"	"Rejected"
"`B01[C-Si]`"	"Rejected"
"`B01[C-X]`"	"Rejected"
"`B01[N-N]`"	"Rejected"
"`B01[N-O]`"	"Rejected"
"`B01[N-S]`"	"Rejected"
"`B01[N-P]`"	"Rejected"
"`B01[N-F]`"	"Rejected"
"`B01[N-Cl]`"	"Rejected"
"`B01[N-Br]`"	"Rejected"
"`B01[N-I]`"	"Rejected"
"`B01[N-B]`"	"Rejected"
"`B01[N-Si]`"	"Rejected"
"`B01[N-X]`"	"Rejected"
"`B01[O-O]`"	"Rejected"
"`B01[O-S]`"	"Rejected"
"`B01[O-P]`"	"Rejected"
"`B01[O-F]`"	"Rejected"
"`B01[O-Cl]`"	"Rejected"
"`B01[O-Br]`"	"Rejected"
"`B01[O-I]`"	"Rejected"
"`B01[O-B]`"	"Rejected"
"`B01[O-Si]`"	"Rejected"
"`B01[O-X]`"	"Rejected"
"`B01[S-S]`"	"Rejected"
"`B01[S-P]`"	"Rejected"
"`B01[S-F]`"	"Rejected"
"`B01[S-Cl]`"	"Rejected"
"`B01[S-Br]`"	"Rejected"
"`B01[S-I]`"	"Rejected"
"`B01[S-B]`"	"Rejected"
"`B01[S-Si]`"	"Rejected"
"`B01[S-X]`"	"Rejected"
"`B01[P-P]`"	"Rejected"
"`B01[P-F]`"	"Rejected"
"`B01[P-Cl]`"	"Rejected"
"`B01[P-Br]`"	"Rejected"
"`B01[P-I]`"	"Rejected"
"`B01[P-B]`"	"Rejected"
"`B01[P-Si]`"	"Rejected"
"`B01[P-X]`"	"Rejected"
"`B01[F-F]`"	"Rejected"
"`B01[F-Cl]`"	"Rejected"
"`B01[F-Br]`"	"Rejected"
"`B01[F-I]`"	"Rejected"
"`B01[F-B]`"	"Rejected"
"`B01[F-Si]`"	"Rejected"
"`B01[F-X]`"	"Rejected"
"`B01[Cl-Cl]`"	"Rejected"
"`B01[Cl-Br]`"	"Rejected"
"`B01[Cl-I]`"	"Rejected"
"`B01[Cl-B]`"	"Rejected"
"`B01[Cl-Si]`"	"Rejected"
"`B01[Cl-X]`"	"Rejected"
"`B01[Br-Br]`"	"Rejected"
"`B01[Br-I]`"	"Rejected"
"`B01[Br-B]`"	"Rejected"
"`B01[Br-Si]`"	"Rejected"
"`B01[Br-X]`"	"Rejected"
"`B01[I-I]`"	"Rejected"
"`B01[I-B]`"	"Rejected"
"`B01[I-Si]`"	"Rejected"
"`B01[I-X]`"	"Rejected"
"`B01[B-B]`"	"Rejected"
"`B01[B-Si]`"	"Rejected"
"`B01[B-X]`"	"Rejected"
"`B01[Si-Si]`"	"Rejected"
"`B01[Si-X]`"	"Rejected"
"`B01[X-X]`"	"Rejected"
"`B02[C-C]`"	"Rejected"
"`B02[C-N]`"	"Confirmed"
"`B02[C-O]`"	"Confirmed"
"`B02[C-S]`"	"Rejected"
"`B02[C-P]`"	"Rejected"
"`B02[C-F]`"	"Rejected"
"`B02[C-Cl]`"	"Rejected"
"`B02[C-Br]`"	"Rejected"
"`B02[C-I]`"	"Rejected"
"`B02[C-B]`"	"Rejected"
"`B02[C-Si]`"	"Rejected"
"`B02[C-X]`"	"Rejected"
"`B02[N-N]`"	"Confirmed"
"`B02[N-O]`"	"Rejected"
"`B02[N-S]`"	"Rejected"
"`B02[N-P]`"	"Rejected"
"`B02[N-F]`"	"Rejected"
"`B02[N-Cl]`"	"Rejected"
"`B02[N-Br]`"	"Rejected"
"`B02[N-I]`"	"Rejected"
"`B02[N-B]`"	"Rejected"
"`B02[N-Si]`"	"Rejected"
"`B02[N-X]`"	"Rejected"
"`B02[O-O]`"	"Rejected"
"`B02[O-S]`"	"Rejected"
"`B02[O-P]`"	"Rejected"
"`B02[O-F]`"	"Rejected"
"`B02[O-Cl]`"	"Rejected"
"`B02[O-Br]`"	"Rejected"
"`B02[O-I]`"	"Rejected"
"`B02[O-B]`"	"Rejected"
"`B02[O-Si]`"	"Rejected"
"`B02[O-X]`"	"Rejected"
"`B02[S-S]`"	"Rejected"
"`B02[S-P]`"	"Rejected"
"`B02[S-F]`"	"Rejected"
"`B02[S-Cl]`"	"Rejected"
"`B02[S-Br]`"	"Rejected"
"`B02[S-I]`"	"Rejected"
"`B02[S-B]`"	"Rejected"
"`B02[S-Si]`"	"Rejected"
"`B02[S-X]`"	"Rejected"
"`B02[P-P]`"	"Rejected"
"`B02[P-F]`"	"Rejected"
"`B02[P-Cl]`"	"Rejected"
"`B02[P-Br]`"	"Rejected"
"`B02[P-I]`"	"Rejected"
"`B02[P-B]`"	"Rejected"
"`B02[P-Si]`"	"Rejected"
"`B02[P-X]`"	"Rejected"
"`B02[F-F]`"	"Rejected"
"`B02[F-Cl]`"	"Rejected"
"`B02[F-Br]`"	"Rejected"
"`B02[F-I]`"	"Rejected"
"`B02[F-B]`"	"Rejected"
"`B02[F-Si]`"	"Rejected"
"`B02[F-X]`"	"Rejected"
"`B02[Cl-Cl]`"	"Rejected"
"`B02[Cl-Br]`"	"Rejected"
"`B02[Cl-I]`"	"Rejected"
"`B02[Cl-B]`"	"Rejected"
"`B02[Cl-Si]`"	"Rejected"
"`B02[Cl-X]`"	"Rejected"
"`B02[Br-Br]`"	"Rejected"
"`B02[Br-I]`"	"Rejected"
"`B02[Br-B]`"	"Rejected"
"`B02[Br-Si]`"	"Rejected"
"`B02[Br-X]`"	"Rejected"
"`B02[I-I]`"	"Rejected"
"`B02[I-B]`"	"Rejected"
"`B02[I-Si]`"	"Rejected"
"`B02[I-X]`"	"Rejected"
"`B02[B-B]`"	"Rejected"
"`B02[B-Si]`"	"Rejected"
"`B02[B-X]`"	"Rejected"
"`B02[Si-Si]`"	"Rejected"
"`B02[Si-X]`"	"Rejected"
"`B02[X-X]`"	"Rejected"
"`B03[C-C]`"	"Rejected"
"`B03[C-N]`"	"Confirmed"
"`B03[C-O]`"	"Confirmed"
"`B03[C-S]`"	"Rejected"
"`B03[C-P]`"	"Rejected"
"`B03[C-F]`"	"Rejected"
"`B03[C-Cl]`"	"Rejected"
"`B03[C-Br]`"	"Rejected"
"`B03[C-I]`"	"Rejected"
"`B03[C-B]`"	"Rejected"
"`B03[C-Si]`"	"Rejected"
"`B03[C-X]`"	"Rejected"
"`B03[N-N]`"	"Rejected"
"`B03[N-O]`"	"Rejected"
"`B03[N-S]`"	"Rejected"
"`B03[N-P]`"	"Rejected"
"`B03[N-F]`"	"Rejected"
"`B03[N-Cl]`"	"Rejected"
"`B03[N-Br]`"	"Rejected"
"`B03[N-I]`"	"Rejected"
"`B03[N-B]`"	"Rejected"
"`B03[N-Si]`"	"Rejected"
"`B03[N-X]`"	"Rejected"
"`B03[O-O]`"	"Rejected"
"`B03[O-S]`"	"Rejected"
"`B03[O-P]`"	"Rejected"
"`B03[O-F]`"	"Rejected"
"`B03[O-Cl]`"	"Rejected"
"`B03[O-Br]`"	"Rejected"
"`B03[O-I]`"	"Rejected"
"`B03[O-B]`"	"Rejected"
"`B03[O-Si]`"	"Rejected"
"`B03[O-X]`"	"Rejected"
"`B03[S-S]`"	"Rejected"
"`B03[S-P]`"	"Rejected"
"`B03[S-F]`"	"Rejected"
"`B03[S-Cl]`"	"Rejected"
"`B03[S-Br]`"	"Rejected"
"`B03[S-I]`"	"Rejected"
"`B03[S-B]`"	"Rejected"
"`B03[S-Si]`"	"Rejected"
"`B03[S-X]`"	"Rejected"
"`B03[P-P]`"	"Rejected"
"`B03[P-F]`"	"Rejected"
"`B03[P-Cl]`"	"Rejected"
"`B03[P-Br]`"	"Rejected"
"`B03[P-I]`"	"Rejected"
"`B03[P-B]`"	"Rejected"
"`B03[P-Si]`"	"Rejected"
"`B03[P-X]`"	"Rejected"
"`B03[F-F]`"	"Rejected"
"`B03[F-Cl]`"	"Rejected"
"`B03[F-Br]`"	"Rejected"
"`B03[F-I]`"	"Rejected"
"`B03[F-B]`"	"Rejected"
"`B03[F-Si]`"	"Rejected"
"`B03[F-X]`"	"Rejected"
"`B03[Cl-Cl]`"	"Rejected"
"`B03[Cl-Br]`"	"Rejected"
"`B03[Cl-I]`"	"Rejected"
"`B03[Cl-B]`"	"Rejected"
"`B03[Cl-Si]`"	"Rejected"
"`B03[Cl-X]`"	"Rejected"
"`B03[Br-Br]`"	"Rejected"
"`B03[Br-I]`"	"Rejected"
"`B03[Br-B]`"	"Rejected"
"`B03[Br-Si]`"	"Rejected"
"`B03[Br-X]`"	"Rejected"
"`B03[I-I]`"	"Rejected"
"`B03[I-B]`"	"Rejected"
"`B03[I-Si]`"	"Rejected"
"`B03[I-X]`"	"Rejected"
"`B03[B-B]`"	"Rejected"
"`B03[B-Si]`"	"Rejected"
"`B03[B-X]`"	"Rejected"
"`B03[Si-Si]`"	"Rejected"
"`B03[Si-X]`"	"Rejected"
"`B03[X-X]`"	"Rejected"
"`B04[C-C]`"	"Rejected"
"`B04[C-N]`"	"Rejected"
"`B04[C-O]`"	"Rejected"
"`B04[C-S]`"	"Rejected"
"`B04[C-P]`"	"Rejected"
"`B04[C-F]`"	"Rejected"
"`B04[C-Cl]`"	"Rejected"
"`B04[C-Br]`"	"Rejected"
"`B04[C-I]`"	"Rejected"
"`B04[C-B]`"	"Rejected"
"`B04[C-Si]`"	"Rejected"
"`B04[C-X]`"	"Rejected"
"`B04[N-N]`"	"Rejected"
"`B04[N-O]`"	"Rejected"
"`B04[N-S]`"	"Rejected"
"`B04[N-P]`"	"Rejected"
"`B04[N-F]`"	"Rejected"
"`B04[N-Cl]`"	"Rejected"
"`B04[N-Br]`"	"Rejected"
"`B04[N-I]`"	"Rejected"
"`B04[N-B]`"	"Rejected"
"`B04[N-Si]`"	"Rejected"
"`B04[N-X]`"	"Rejected"
"`B04[O-O]`"	"Rejected"
"`B04[O-S]`"	"Rejected"
"`B04[O-P]`"	"Rejected"
"`B04[O-F]`"	"Rejected"
"`B04[O-Cl]`"	"Rejected"
"`B04[O-Br]`"	"Rejected"
"`B04[O-I]`"	"Rejected"
"`B04[O-B]`"	"Rejected"
"`B04[O-Si]`"	"Rejected"
"`B04[O-X]`"	"Rejected"
"`B04[S-S]`"	"Rejected"
"`B04[S-P]`"	"Rejected"
"`B04[S-F]`"	"Rejected"
"`B04[S-Cl]`"	"Rejected"
"`B04[S-Br]`"	"Rejected"
"`B04[S-I]`"	"Rejected"
"`B04[S-B]`"	"Rejected"
"`B04[S-Si]`"	"Rejected"
"`B04[S-X]`"	"Rejected"
"`B04[P-P]`"	"Rejected"
"`B04[P-F]`"	"Rejected"
"`B04[P-Cl]`"	"Rejected"
"`B04[P-Br]`"	"Rejected"
"`B04[P-I]`"	"Rejected"
"`B04[P-B]`"	"Rejected"
"`B04[P-Si]`"	"Rejected"
"`B04[P-X]`"	"Rejected"
"`B04[F-F]`"	"Rejected"
"`B04[F-Cl]`"	"Rejected"
"`B04[F-Br]`"	"Rejected"
"`B04[F-I]`"	"Rejected"
"`B04[F-B]`"	"Rejected"
"`B04[F-Si]`"	"Rejected"
"`B04[F-X]`"	"Rejected"
"`B04[Cl-Cl]`"	"Rejected"
"`B04[Cl-Br]`"	"Rejected"
"`B04[Cl-I]`"	"Rejected"
"`B04[Cl-B]`"	"Rejected"
"`B04[Cl-Si]`"	"Rejected"
"`B04[Cl-X]`"	"Rejected"
"`B04[Br-Br]`"	"Rejected"
"`B04[Br-I]`"	"Rejected"
"`B04[Br-B]`"	"Rejected"
"`B04[Br-Si]`"	"Rejected"
"`B04[Br-X]`"	"Rejected"
"`B04[I-I]`"	"Rejected"
"`B04[I-B]`"	"Rejected"
"`B04[I-Si]`"	"Rejected"
"`B04[I-X]`"	"Rejected"
"`B04[B-B]`"	"Rejected"
"`B04[B-Si]`"	"Rejected"
"`B04[B-X]`"	"Rejected"
"`B04[Si-Si]`"	"Rejected"
"`B04[Si-X]`"	"Rejected"
"`B04[X-X]`"	"Rejected"
"`B05[C-C]`"	"Rejected"
"`B05[C-N]`"	"Rejected"
"`B05[C-O]`"	"Rejected"
"`B05[C-S]`"	"Rejected"
"`B05[C-P]`"	"Rejected"
"`B05[C-F]`"	"Rejected"
"`B05[C-Cl]`"	"Rejected"
"`B05[C-Br]`"	"Rejected"
"`B05[C-I]`"	"Rejected"
"`B05[C-B]`"	"Rejected"
"`B05[C-Si]`"	"Rejected"
"`B05[C-X]`"	"Rejected"
"`B05[N-N]`"	"Rejected"
"`B05[N-O]`"	"Rejected"
"`B05[N-S]`"	"Rejected"
"`B05[N-P]`"	"Rejected"
"`B05[N-F]`"	"Rejected"
"`B05[N-Cl]`"	"Rejected"
"`B05[N-Br]`"	"Rejected"
"`B05[N-I]`"	"Rejected"
"`B05[N-B]`"	"Rejected"
"`B05[N-Si]`"	"Rejected"
"`B05[N-X]`"	"Rejected"
"`B05[O-O]`"	"Rejected"
"`B05[O-S]`"	"Rejected"
"`B05[O-P]`"	"Rejected"
"`B05[O-F]`"	"Rejected"
"`B05[O-Cl]`"	"Rejected"
"`B05[O-Br]`"	"Rejected"
"`B05[O-I]`"	"Rejected"
"`B05[O-B]`"	"Rejected"
"`B05[O-Si]`"	"Rejected"
"`B05[O-X]`"	"Rejected"
"`B05[S-S]`"	"Rejected"
"`B05[S-P]`"	"Rejected"
"`B05[S-F]`"	"Rejected"
"`B05[S-Cl]`"	"Rejected"
"`B05[S-Br]`"	"Rejected"
"`B05[S-I]`"	"Rejected"
"`B05[S-B]`"	"Rejected"
"`B05[S-Si]`"	"Rejected"
"`B05[S-X]`"	"Rejected"
"`B05[P-P]`"	"Rejected"
"`B05[P-F]`"	"Rejected"
"`B05[P-Cl]`"	"Rejected"
"`B05[P-Br]`"	"Rejected"
"`B05[P-I]`"	"Rejected"
"`B05[P-B]`"	"Rejected"
"`B05[P-Si]`"	"Rejected"
"`B05[P-X]`"	"Rejected"
"`B05[F-F]`"	"Rejected"
"`B05[F-Cl]`"	"Rejected"
"`B05[F-Br]`"	"Rejected"
"`B05[F-I]`"	"Rejected"
"`B05[F-B]`"	"Rejected"
"`B05[F-Si]`"	"Rejected"
"`B05[F-X]`"	"Rejected"
"`B05[Cl-Cl]`"	"Rejected"
"`B05[Cl-Br]`"	"Rejected"
"`B05[Cl-I]`"	"Rejected"
"`B05[Cl-B]`"	"Rejected"
"`B05[Cl-Si]`"	"Rejected"
"`B05[Cl-X]`"	"Rejected"
"`B05[Br-Br]`"	"Rejected"
"`B05[Br-I]`"	"Rejected"
"`B05[Br-B]`"	"Rejected"
"`B05[Br-Si]`"	"Rejected"
"`B05[Br-X]`"	"Rejected"
"`B05[I-I]`"	"Rejected"
"`B05[I-B]`"	"Rejected"
"`B05[I-Si]`"	"Rejected"
"`B05[I-X]`"	"Rejected"
"`B05[B-B]`"	"Rejected"
"`B05[B-Si]`"	"Rejected"
"`B05[B-X]`"	"Rejected"
"`B05[Si-Si]`"	"Rejected"
"`B05[Si-X]`"	"Rejected"
"`B05[X-X]`"	"Rejected"
"`B06[C-C]`"	"Rejected"
"`B06[C-N]`"	"Rejected"
"`B06[C-O]`"	"Rejected"
"`B06[C-S]`"	"Rejected"
"`B06[C-P]`"	"Rejected"
"`B06[C-F]`"	"Rejected"
"`B06[C-Cl]`"	"Rejected"
"`B06[C-Br]`"	"Rejected"
"`B06[C-I]`"	"Rejected"
"`B06[C-B]`"	"Rejected"
"`B06[C-Si]`"	"Rejected"
"`B06[C-X]`"	"Rejected"
"`B06[N-N]`"	"Rejected"
"`B06[N-O]`"	"Rejected"
"`B06[N-S]`"	"Rejected"
"`B06[N-P]`"	"Rejected"
"`B06[N-F]`"	"Rejected"
"`B06[N-Cl]`"	"Rejected"
"`B06[N-Br]`"	"Rejected"
"`B06[N-I]`"	"Rejected"
"`B06[N-B]`"	"Rejected"
"`B06[N-Si]`"	"Rejected"
"`B06[N-X]`"	"Rejected"
"`B06[O-O]`"	"Rejected"
"`B06[O-S]`"	"Rejected"
"`B06[O-P]`"	"Rejected"
"`B06[O-F]`"	"Rejected"
"`B06[O-Cl]`"	"Rejected"
"`B06[O-Br]`"	"Rejected"
"`B06[O-I]`"	"Rejected"
"`B06[O-B]`"	"Rejected"
"`B06[O-Si]`"	"Rejected"
"`B06[O-X]`"	"Rejected"
"`B06[S-S]`"	"Rejected"
"`B06[S-P]`"	"Rejected"
"`B06[S-F]`"	"Rejected"
"`B06[S-Cl]`"	"Rejected"
"`B06[S-Br]`"	"Rejected"
"`B06[S-I]`"	"Rejected"
"`B06[S-B]`"	"Rejected"
"`B06[S-Si]`"	"Rejected"
"`B06[S-X]`"	"Rejected"
"`B06[P-P]`"	"Rejected"
"`B06[P-F]`"	"Rejected"
"`B06[P-Cl]`"	"Rejected"
"`B06[P-Br]`"	"Rejected"
"`B06[P-I]`"	"Rejected"
"`B06[P-B]`"	"Rejected"
"`B06[P-Si]`"	"Rejected"
"`B06[P-X]`"	"Rejected"
"`B06[F-F]`"	"Rejected"
"`B06[F-Cl]`"	"Rejected"
"`B06[F-Br]`"	"Rejected"
"`B06[F-I]`"	"Rejected"
"`B06[F-B]`"	"Rejected"
"`B06[F-Si]`"	"Rejected"
"`B06[F-X]`"	"Rejected"
"`B06[Cl-Cl]`"	"Rejected"
"`B06[Cl-Br]`"	"Rejected"
"`B06[Cl-I]`"	"Rejected"
"`B06[Cl-B]`"	"Rejected"
"`B06[Cl-Si]`"	"Rejected"
"`B06[Cl-X]`"	"Rejected"
"`B06[Br-Br]`"	"Rejected"
"`B06[Br-I]`"	"Rejected"
"`B06[Br-B]`"	"Rejected"
"`B06[Br-Si]`"	"Rejected"
"`B06[Br-X]`"	"Rejected"
"`B06[I-I]`"	"Rejected"
"`B06[I-B]`"	"Rejected"
"`B06[I-Si]`"	"Rejected"
"`B06[I-X]`"	"Rejected"
"`B06[B-B]`"	"Rejected"
"`B06[B-Si]`"	"Rejected"
"`B06[B-X]`"	"Rejected"
"`B06[Si-Si]`"	"Rejected"
"`B06[Si-X]`"	"Rejected"
"`B06[X-X]`"	"Rejected"
"`B07[C-C]`"	"Rejected"
"`B07[C-N]`"	"Rejected"
"`B07[C-O]`"	"Rejected"
"`B07[C-S]`"	"Rejected"
"`B07[C-P]`"	"Rejected"
"`B07[C-F]`"	"Rejected"
"`B07[C-Cl]`"	"Rejected"
"`B07[C-Br]`"	"Rejected"
"`B07[C-I]`"	"Rejected"
"`B07[C-B]`"	"Rejected"
"`B07[C-Si]`"	"Rejected"
"`B07[C-X]`"	"Rejected"
"`B07[N-N]`"	"Rejected"
"`B07[N-O]`"	"Rejected"
"`B07[N-S]`"	"Rejected"
"`B07[N-P]`"	"Rejected"
"`B07[N-F]`"	"Rejected"
"`B07[N-Cl]`"	"Rejected"
"`B07[N-Br]`"	"Rejected"
"`B07[N-I]`"	"Rejected"
"`B07[N-B]`"	"Rejected"
"`B07[N-Si]`"	"Rejected"
"`B07[N-X]`"	"Rejected"
"`B07[O-O]`"	"Rejected"
"`B07[O-S]`"	"Rejected"
"`B07[O-P]`"	"Rejected"
"`B07[O-F]`"	"Rejected"
"`B07[O-Cl]`"	"Rejected"
"`B07[O-Br]`"	"Rejected"
"`B07[O-I]`"	"Rejected"
"`B07[O-B]`"	"Rejected"
"`B07[O-Si]`"	"Rejected"
"`B07[O-X]`"	"Rejected"
"`B07[S-S]`"	"Rejected"
"`B07[S-P]`"	"Rejected"
"`B07[S-F]`"	"Rejected"
"`B07[S-Cl]`"	"Rejected"
"`B07[S-Br]`"	"Rejected"
"`B07[S-I]`"	"Rejected"
"`B07[S-B]`"	"Rejected"
"`B07[S-Si]`"	"Rejected"
"`B07[S-X]`"	"Rejected"
"`B07[P-P]`"	"Rejected"
"`B07[P-F]`"	"Rejected"
"`B07[P-Cl]`"	"Rejected"
"`B07[P-Br]`"	"Rejected"
"`B07[P-I]`"	"Rejected"
"`B07[P-B]`"	"Rejected"
"`B07[P-Si]`"	"Rejected"
"`B07[P-X]`"	"Rejected"
"`B07[F-F]`"	"Rejected"
"`B07[F-Cl]`"	"Rejected"
"`B07[F-Br]`"	"Rejected"
"`B07[F-I]`"	"Rejected"
"`B07[F-B]`"	"Rejected"
"`B07[F-Si]`"	"Rejected"
"`B07[F-X]`"	"Rejected"
"`B07[Cl-Cl]`"	"Rejected"
"`B07[Cl-Br]`"	"Rejected"
"`B07[Cl-I]`"	"Rejected"
"`B07[Cl-B]`"	"Rejected"
"`B07[Cl-Si]`"	"Rejected"
"`B07[Cl-X]`"	"Rejected"
"`B07[Br-Br]`"	"Rejected"
"`B07[Br-I]`"	"Rejected"
"`B07[Br-B]`"	"Rejected"
"`B07[Br-Si]`"	"Rejected"
"`B07[Br-X]`"	"Rejected"
"`B07[I-I]`"	"Rejected"
"`B07[I-B]`"	"Rejected"
"`B07[I-Si]`"	"Rejected"
"`B07[I-X]`"	"Rejected"
"`B07[B-B]`"	"Rejected"
"`B07[B-Si]`"	"Rejected"
"`B07[B-X]`"	"Rejected"
"`B07[Si-Si]`"	"Rejected"
"`B07[Si-X]`"	"Rejected"
"`B07[X-X]`"	"Rejected"
"`B08[C-C]`"	"Rejected"
"`B08[C-N]`"	"Rejected"
"`B08[C-O]`"	"Rejected"
"`B08[C-S]`"	"Rejected"
"`B08[C-P]`"	"Rejected"
"`B08[C-F]`"	"Rejected"
"`B08[C-Cl]`"	"Rejected"
"`B08[C-Br]`"	"Rejected"
"`B08[C-I]`"	"Rejected"
"`B08[C-B]`"	"Rejected"
"`B08[C-Si]`"	"Rejected"
"`B08[C-X]`"	"Rejected"
"`B08[N-N]`"	"Rejected"
"`B08[N-O]`"	"Rejected"
"`B08[N-S]`"	"Rejected"
"`B08[N-P]`"	"Rejected"
"`B08[N-F]`"	"Rejected"
"`B08[N-Cl]`"	"Rejected"
"`B08[N-Br]`"	"Rejected"
"`B08[N-I]`"	"Rejected"
"`B08[N-B]`"	"Rejected"
"`B08[N-Si]`"	"Rejected"
"`B08[N-X]`"	"Rejected"
"`B08[O-O]`"	"Rejected"
"`B08[O-S]`"	"Rejected"
"`B08[O-P]`"	"Rejected"
"`B08[O-F]`"	"Rejected"
"`B08[O-Cl]`"	"Rejected"
"`B08[O-Br]`"	"Rejected"
"`B08[O-I]`"	"Rejected"
"`B08[O-B]`"	"Rejected"
"`B08[O-Si]`"	"Rejected"
"`B08[O-X]`"	"Rejected"
"`B08[S-S]`"	"Rejected"
"`B08[S-P]`"	"Rejected"
"`B08[S-F]`"	"Rejected"
"`B08[S-Cl]`"	"Rejected"
"`B08[S-Br]`"	"Rejected"
"`B08[S-I]`"	"Rejected"
"`B08[S-B]`"	"Rejected"
"`B08[S-Si]`"	"Rejected"
"`B08[S-X]`"	"Rejected"
"`B08[P-P]`"	"Rejected"
"`B08[P-F]`"	"Rejected"
"`B08[P-Cl]`"	"Rejected"
"`B08[P-Br]`"	"Rejected"
"`B08[P-I]`"	"Rejected"
"`B08[P-B]`"	"Rejected"
"`B08[P-Si]`"	"Rejected"
"`B08[P-X]`"	"Rejected"
"`B08[F-F]`"	"Rejected"
"`B08[F-Cl]`"	"Rejected"
"`B08[F-Br]`"	"Rejected"
"`B08[F-I]`"	"Rejected"
"`B08[F-B]`"	"Rejected"
"`B08[F-Si]`"	"Rejected"
"`B08[F-X]`"	"Rejected"
"`B08[Cl-Cl]`"	"Rejected"
"`B08[Cl-Br]`"	"Rejected"
"`B08[Cl-I]`"	"Rejected"
"`B08[Cl-B]`"	"Rejected"
"`B08[Cl-Si]`"	"Rejected"
"`B08[Cl-X]`"	"Rejected"
"`B08[Br-Br]`"	"Rejected"
"`B08[Br-I]`"	"Rejected"
"`B08[Br-B]`"	"Rejected"
"`B08[Br-Si]`"	"Rejected"
"`B08[Br-X]`"	"Rejected"
"`B08[I-I]`"	"Rejected"
"`B08[I-B]`"	"Rejected"
"`B08[I-Si]`"	"Rejected"
"`B08[I-X]`"	"Rejected"
"`B08[B-B]`"	"Rejected"
"`B08[B-Si]`"	"Rejected"
"`B08[B-X]`"	"Rejected"
"`B08[Si-Si]`"	"Rejected"
"`B08[Si-X]`"	"Rejected"
"`B08[X-X]`"	"Rejected"
"`B09[C-C]`"	"Rejected"
"`B09[C-N]`"	"Rejected"
"`B09[C-O]`"	"Rejected"
"`B09[C-S]`"	"Rejected"
"`B09[C-P]`"	"Rejected"
"`B09[C-F]`"	"Rejected"
"`B09[C-Cl]`"	"Rejected"
"`B09[C-Br]`"	"Rejected"
"`B09[C-I]`"	"Rejected"
"`B09[C-B]`"	"Rejected"
"`B09[C-Si]`"	"Rejected"
"`B09[C-X]`"	"Rejected"
"`B09[N-N]`"	"Rejected"
"`B09[N-O]`"	"Rejected"
"`B09[N-S]`"	"Rejected"
"`B09[N-P]`"	"Rejected"
"`B09[N-F]`"	"Rejected"
"`B09[N-Cl]`"	"Rejected"
"`B09[N-Br]`"	"Rejected"
"`B09[N-I]`"	"Rejected"
"`B09[N-B]`"	"Rejected"
"`B09[N-Si]`"	"Rejected"
"`B09[N-X]`"	"Rejected"
"`B09[O-O]`"	"Rejected"
"`B09[O-S]`"	"Rejected"
"`B09[O-P]`"	"Rejected"
"`B09[O-F]`"	"Rejected"
"`B09[O-Cl]`"	"Rejected"
"`B09[O-Br]`"	"Rejected"
"`B09[O-I]`"	"Rejected"
"`B09[O-B]`"	"Rejected"
"`B09[O-Si]`"	"Rejected"
"`B09[O-X]`"	"Rejected"
"`B09[S-S]`"	"Rejected"
"`B09[S-P]`"	"Rejected"
"`B09[S-F]`"	"Rejected"
"`B09[S-Cl]`"	"Rejected"
"`B09[S-Br]`"	"Rejected"
"`B09[S-I]`"	"Rejected"
"`B09[S-B]`"	"Rejected"
"`B09[S-Si]`"	"Rejected"
"`B09[S-X]`"	"Rejected"
"`B09[P-P]`"	"Rejected"
"`B09[P-F]`"	"Rejected"
"`B09[P-Cl]`"	"Rejected"
"`B09[P-Br]`"	"Rejected"
"`B09[P-I]`"	"Rejected"
"`B09[P-B]`"	"Rejected"
"`B09[P-Si]`"	"Rejected"
"`B09[P-X]`"	"Rejected"
"`B09[F-F]`"	"Rejected"
"`B09[F-Cl]`"	"Rejected"
"`B09[F-Br]`"	"Rejected"
"`B09[F-I]`"	"Rejected"
"`B09[F-B]`"	"Rejected"
"`B09[F-Si]`"	"Rejected"
"`B09[F-X]`"	"Rejected"
"`B09[Cl-Cl]`"	"Rejected"
"`B09[Cl-Br]`"	"Rejected"
"`B09[Cl-I]`"	"Rejected"
"`B09[Cl-B]`"	"Rejected"
"`B09[Cl-Si]`"	"Rejected"
"`B09[Cl-X]`"	"Rejected"
"`B09[Br-Br]`"	"Rejected"
"`B09[Br-I]`"	"Rejected"
"`B09[Br-B]`"	"Rejected"
"`B09[Br-Si]`"	"Rejected"
"`B09[Br-X]`"	"Rejected"
"`B09[I-I]`"	"Rejected"
"`B09[I-B]`"	"Rejected"
"`B09[I-Si]`"	"Rejected"
"`B09[I-X]`"	"Rejected"
"`B09[B-B]`"	"Rejected"
"`B09[B-Si]`"	"Rejected"
"`B09[B-X]`"	"Rejected"
"`B09[Si-Si]`"	"Rejected"
"`B09[Si-X]`"	"Rejected"
"`B09[X-X]`"	"Rejected"
"`B10[C-C]`"	"Rejected"
"`B10[C-N]`"	"Rejected"
"`B10[C-O]`"	"Rejected"
"`B10[C-S]`"	"Rejected"
"`B10[C-P]`"	"Rejected"
"`B10[C-F]`"	"Rejected"
"`B10[C-Cl]`"	"Rejected"
"`B10[C-Br]`"	"Rejected"
"`B10[C-I]`"	"Rejected"
"`B10[C-B]`"	"Rejected"
"`B10[C-Si]`"	"Rejected"
"`B10[C-X]`"	"Rejected"
"`B10[N-N]`"	"Rejected"
"`B10[N-O]`"	"Rejected"
"`B10[N-S]`"	"Rejected"
"`B10[N-P]`"	"Rejected"
"`B10[N-F]`"	"Rejected"
"`B10[N-Cl]`"	"Rejected"
"`B10[N-Br]`"	"Rejected"
"`B10[N-I]`"	"Rejected"
"`B10[N-B]`"	"Rejected"
"`B10[N-Si]`"	"Rejected"
"`B10[N-X]`"	"Rejected"
"`B10[O-O]`"	"Rejected"
"`B10[O-S]`"	"Rejected"
"`B10[O-P]`"	"Rejected"
"`B10[O-F]`"	"Rejected"
"`B10[O-Cl]`"	"Rejected"
"`B10[O-Br]`"	"Rejected"
"`B10[O-I]`"	"Rejected"
"`B10[O-B]`"	"Rejected"
"`B10[O-Si]`"	"Rejected"
"`B10[O-X]`"	"Rejected"
"`B10[S-S]`"	"Rejected"
"`B10[S-P]`"	"Rejected"
"`B10[S-F]`"	"Rejected"
"`B10[S-Cl]`"	"Rejected"
"`B10[S-Br]`"	"Rejected"
"`B10[S-I]`"	"Rejected"
"`B10[S-B]`"	"Rejected"
"`B10[S-Si]`"	"Rejected"
"`B10[S-X]`"	"Rejected"
"`B10[P-P]`"	"Rejected"
"`B10[P-F]`"	"Rejected"
"`B10[P-Cl]`"	"Rejected"
"`B10[P-Br]`"	"Rejected"
"`B10[P-I]`"	"Rejected"
"`B10[P-B]`"	"Rejected"
"`B10[P-Si]`"	"Rejected"
"`B10[P-X]`"	"Rejected"
"`B10[F-F]`"	"Rejected"
"`B10[F-Cl]`"	"Rejected"
"`B10[F-Br]`"	"Rejected"
"`B10[F-I]`"	"Rejected"
"`B10[F-B]`"	"Rejected"
"`B10[F-Si]`"	"Rejected"
"`B10[F-X]`"	"Rejected"
"`B10[Cl-Cl]`"	"Rejected"
"`B10[Cl-Br]`"	"Rejected"
"`B10[Cl-I]`"	"Rejected"
"`B10[Cl-B]`"	"Rejected"
"`B10[Cl-Si]`"	"Rejected"
"`B10[Cl-X]`"	"Rejected"
"`B10[Br-Br]`"	"Rejected"
"`B10[Br-I]`"	"Rejected"
"`B10[Br-B]`"	"Rejected"
"`B10[Br-Si]`"	"Rejected"
"`B10[Br-X]`"	"Rejected"
"`B10[I-I]`"	"Rejected"
"`B10[I-B]`"	"Rejected"
"`B10[I-Si]`"	"Rejected"
"`B10[I-X]`"	"Rejected"
"`B10[B-B]`"	"Rejected"
"`B10[B-Si]`"	"Rejected"
"`B10[B-X]`"	"Rejected"
"`B10[Si-Si]`"	"Rejected"
"`B10[Si-X]`"	"Rejected"
"`B10[X-X]`"	"Rejected"
"`F01[C-C]`"	"Rejected"
"`F01[C-N]`"	"Confirmed"
"`F01[C-O]`"	"Confirmed"
"`F01[C-S]`"	"Rejected"
"`F01[C-P]`"	"Rejected"
"`F01[C-F]`"	"Rejected"
"`F01[C-Cl]`"	"Rejected"
"`F01[C-Br]`"	"Rejected"
"`F01[C-I]`"	"Rejected"
"`F01[C-B]`"	"Rejected"
"`F01[C-Si]`"	"Rejected"
"`F01[C-X]`"	"Rejected"
"`F01[N-N]`"	"Rejected"
"`F01[N-O]`"	"Rejected"
"`F01[N-S]`"	"Rejected"
"`F01[N-P]`"	"Rejected"
"`F01[N-F]`"	"Rejected"
"`F01[N-Cl]`"	"Rejected"
"`F01[N-Br]`"	"Rejected"
"`F01[N-I]`"	"Rejected"
"`F01[N-B]`"	"Rejected"
"`F01[N-Si]`"	"Rejected"
"`F01[N-X]`"	"Rejected"
"`F01[O-O]`"	"Rejected"
"`F01[O-S]`"	"Rejected"
"`F01[O-P]`"	"Rejected"
"`F01[O-F]`"	"Rejected"
"`F01[O-Cl]`"	"Rejected"
"`F01[O-Br]`"	"Rejected"
"`F01[O-I]`"	"Rejected"
"`F01[O-B]`"	"Rejected"
"`F01[O-Si]`"	"Rejected"
"`F01[O-X]`"	"Rejected"
"`F01[S-S]`"	"Rejected"
"`F01[S-P]`"	"Rejected"
"`F01[S-F]`"	"Rejected"
"`F01[S-Cl]`"	"Rejected"
"`F01[S-Br]`"	"Rejected"
"`F01[S-I]`"	"Rejected"
"`F01[S-B]`"	"Rejected"
"`F01[S-Si]`"	"Rejected"
"`F01[S-X]`"	"Rejected"
"`F01[P-P]`"	"Rejected"
"`F01[P-F]`"	"Rejected"
"`F01[P-Cl]`"	"Rejected"
"`F01[P-Br]`"	"Rejected"
"`F01[P-I]`"	"Rejected"
"`F01[P-B]`"	"Rejected"
"`F01[P-Si]`"	"Rejected"
"`F01[P-X]`"	"Rejected"
"`F01[F-F]`"	"Rejected"
"`F01[F-Cl]`"	"Rejected"
"`F01[F-Br]`"	"Rejected"
"`F01[F-I]`"	"Rejected"
"`F01[F-B]`"	"Rejected"
"`F01[F-Si]`"	"Rejected"
"`F01[F-X]`"	"Rejected"
"`F01[Cl-Cl]`"	"Rejected"
"`F01[Cl-Br]`"	"Rejected"
"`F01[Cl-I]`"	"Rejected"
"`F01[Cl-B]`"	"Rejected"
"`F01[Cl-Si]`"	"Rejected"
"`F01[Cl-X]`"	"Rejected"
"`F01[Br-Br]`"	"Rejected"
"`F01[Br-I]`"	"Rejected"
"`F01[Br-B]`"	"Rejected"
"`F01[Br-Si]`"	"Rejected"
"`F01[Br-X]`"	"Rejected"
"`F01[I-I]`"	"Rejected"
"`F01[I-B]`"	"Rejected"
"`F01[I-Si]`"	"Rejected"
"`F01[I-X]`"	"Rejected"
"`F01[B-B]`"	"Rejected"
"`F01[B-Si]`"	"Rejected"
"`F01[B-X]`"	"Rejected"
"`F01[Si-Si]`"	"Rejected"
"`F01[Si-X]`"	"Rejected"
"`F01[X-X]`"	"Rejected"
"`F02[C-C]`"	"Rejected"
"`F02[C-N]`"	"Confirmed"
"`F02[C-O]`"	"Confirmed"
"`F02[C-S]`"	"Rejected"
"`F02[C-P]`"	"Rejected"
"`F02[C-F]`"	"Rejected"
"`F02[C-Cl]`"	"Rejected"
"`F02[C-Br]`"	"Rejected"
"`F02[C-I]`"	"Rejected"
"`F02[C-B]`"	"Rejected"
"`F02[C-Si]`"	"Rejected"
"`F02[C-X]`"	"Rejected"
"`F02[N-N]`"	"Confirmed"
"`F02[N-O]`"	"Confirmed"
"`F02[N-S]`"	"Rejected"
"`F02[N-P]`"	"Rejected"
"`F02[N-F]`"	"Rejected"
"`F02[N-Cl]`"	"Rejected"
"`F02[N-Br]`"	"Rejected"
"`F02[N-I]`"	"Rejected"
"`F02[N-B]`"	"Rejected"
"`F02[N-Si]`"	"Rejected"
"`F02[N-X]`"	"Rejected"
"`F02[O-O]`"	"Rejected"
"`F02[O-S]`"	"Rejected"
"`F02[O-P]`"	"Rejected"
"`F02[O-F]`"	"Rejected"
"`F02[O-Cl]`"	"Rejected"
"`F02[O-Br]`"	"Rejected"
"`F02[O-I]`"	"Rejected"
"`F02[O-B]`"	"Rejected"
"`F02[O-Si]`"	"Rejected"
"`F02[O-X]`"	"Rejected"
"`F02[S-S]`"	"Rejected"
"`F02[S-P]`"	"Rejected"
"`F02[S-F]`"	"Rejected"
"`F02[S-Cl]`"	"Rejected"
"`F02[S-Br]`"	"Rejected"
"`F02[S-I]`"	"Rejected"
"`F02[S-B]`"	"Rejected"
"`F02[S-Si]`"	"Rejected"
"`F02[S-X]`"	"Rejected"
"`F02[P-P]`"	"Rejected"
"`F02[P-F]`"	"Rejected"
"`F02[P-Cl]`"	"Rejected"
"`F02[P-Br]`"	"Rejected"
"`F02[P-I]`"	"Rejected"
"`F02[P-B]`"	"Rejected"
"`F02[P-Si]`"	"Rejected"
"`F02[P-X]`"	"Rejected"
"`F02[F-F]`"	"Rejected"
"`F02[F-Cl]`"	"Rejected"
"`F02[F-Br]`"	"Rejected"
"`F02[F-I]`"	"Rejected"
"`F02[F-B]`"	"Rejected"
"`F02[F-Si]`"	"Rejected"
"`F02[F-X]`"	"Rejected"
"`F02[Cl-Cl]`"	"Rejected"
"`F02[Cl-Br]`"	"Rejected"
"`F02[Cl-I]`"	"Rejected"
"`F02[Cl-B]`"	"Rejected"
"`F02[Cl-Si]`"	"Rejected"
"`F02[Cl-X]`"	"Rejected"
"`F02[Br-Br]`"	"Rejected"
"`F02[Br-I]`"	"Rejected"
"`F02[Br-B]`"	"Rejected"
"`F02[Br-Si]`"	"Rejected"
"`F02[Br-X]`"	"Rejected"
"`F02[I-I]`"	"Rejected"
"`F02[I-B]`"	"Rejected"
"`F02[I-Si]`"	"Rejected"
"`F02[I-X]`"	"Rejected"
"`F02[B-B]`"	"Rejected"
"`F02[B-Si]`"	"Rejected"
"`F02[B-X]`"	"Rejected"
"`F02[Si-Si]`"	"Rejected"
"`F02[Si-X]`"	"Rejected"
"`F02[X-X]`"	"Rejected"
"`F03[C-C]`"	"Rejected"
"`F03[C-N]`"	"Confirmed"
"`F03[C-O]`"	"Confirmed"
"`F03[C-S]`"	"Rejected"
"`F03[C-P]`"	"Rejected"
"`F03[C-F]`"	"Rejected"
"`F03[C-Cl]`"	"Rejected"
"`F03[C-Br]`"	"Rejected"
"`F03[C-I]`"	"Rejected"
"`F03[C-B]`"	"Rejected"
"`F03[C-Si]`"	"Rejected"
"`F03[C-X]`"	"Rejected"
"`F03[N-N]`"	"Rejected"
"`F03[N-O]`"	"Rejected"
"`F03[N-S]`"	"Rejected"
"`F03[N-P]`"	"Rejected"
"`F03[N-F]`"	"Rejected"
"`F03[N-Cl]`"	"Rejected"
"`F03[N-Br]`"	"Rejected"
"`F03[N-I]`"	"Rejected"
"`F03[N-B]`"	"Rejected"
"`F03[N-Si]`"	"Rejected"
"`F03[N-X]`"	"Rejected"
"`F03[O-O]`"	"Rejected"
"`F03[O-S]`"	"Rejected"
"`F03[O-P]`"	"Rejected"
"`F03[O-F]`"	"Rejected"
"`F03[O-Cl]`"	"Rejected"
"`F03[O-Br]`"	"Rejected"
"`F03[O-I]`"	"Rejected"
"`F03[O-B]`"	"Rejected"
"`F03[O-Si]`"	"Rejected"
"`F03[O-X]`"	"Rejected"
"`F03[S-S]`"	"Rejected"
"`F03[S-P]`"	"Rejected"
"`F03[S-F]`"	"Rejected"
"`F03[S-Cl]`"	"Rejected"
"`F03[S-Br]`"	"Rejected"
"`F03[S-I]`"	"Rejected"
"`F03[S-B]`"	"Rejected"
"`F03[S-Si]`"	"Rejected"
"`F03[S-X]`"	"Rejected"
"`F03[P-P]`"	"Rejected"
"`F03[P-F]`"	"Rejected"
"`F03[P-Cl]`"	"Rejected"
"`F03[P-Br]`"	"Rejected"
"`F03[P-I]`"	"Rejected"
"`F03[P-B]`"	"Rejected"
"`F03[P-Si]`"	"Rejected"
"`F03[P-X]`"	"Rejected"
"`F03[F-F]`"	"Rejected"
"`F03[F-Cl]`"	"Rejected"
"`F03[F-Br]`"	"Rejected"
"`F03[F-I]`"	"Rejected"
"`F03[F-B]`"	"Rejected"
"`F03[F-Si]`"	"Rejected"
"`F03[F-X]`"	"Rejected"
"`F03[Cl-Cl]`"	"Rejected"
"`F03[Cl-Br]`"	"Rejected"
"`F03[Cl-I]`"	"Rejected"
"`F03[Cl-B]`"	"Rejected"
"`F03[Cl-Si]`"	"Rejected"
"`F03[Cl-X]`"	"Rejected"
"`F03[Br-Br]`"	"Rejected"
"`F03[Br-I]`"	"Rejected"
"`F03[Br-B]`"	"Rejected"
"`F03[Br-Si]`"	"Rejected"
"`F03[Br-X]`"	"Rejected"
"`F03[I-I]`"	"Rejected"
"`F03[I-B]`"	"Rejected"
"`F03[I-Si]`"	"Rejected"
"`F03[I-X]`"	"Rejected"
"`F03[B-B]`"	"Rejected"
"`F03[B-Si]`"	"Rejected"
"`F03[B-X]`"	"Rejected"
"`F03[Si-Si]`"	"Rejected"
"`F03[Si-X]`"	"Rejected"
"`F03[X-X]`"	"Rejected"
"`F04[C-C]`"	"Confirmed"
"`F04[C-N]`"	"Rejected"
"`F04[C-O]`"	"Confirmed"
"`F04[C-S]`"	"Rejected"
"`F04[C-P]`"	"Rejected"
"`F04[C-F]`"	"Rejected"
"`F04[C-Cl]`"	"Rejected"
"`F04[C-Br]`"	"Rejected"
"`F04[C-I]`"	"Rejected"
"`F04[C-B]`"	"Rejected"
"`F04[C-Si]`"	"Rejected"
"`F04[C-X]`"	"Rejected"
"`F04[N-N]`"	"Rejected"
"`F04[N-O]`"	"Rejected"
"`F04[N-S]`"	"Rejected"
"`F04[N-P]`"	"Rejected"
"`F04[N-F]`"	"Rejected"
"`F04[N-Cl]`"	"Rejected"
"`F04[N-Br]`"	"Rejected"
"`F04[N-I]`"	"Rejected"
"`F04[N-B]`"	"Rejected"
"`F04[N-Si]`"	"Rejected"
"`F04[N-X]`"	"Rejected"
"`F04[O-O]`"	"Rejected"
"`F04[O-S]`"	"Rejected"
"`F04[O-P]`"	"Rejected"
"`F04[O-F]`"	"Rejected"
"`F04[O-Cl]`"	"Rejected"
"`F04[O-Br]`"	"Rejected"
"`F04[O-I]`"	"Rejected"
"`F04[O-B]`"	"Rejected"
"`F04[O-Si]`"	"Rejected"
"`F04[O-X]`"	"Rejected"
"`F04[S-S]`"	"Rejected"
"`F04[S-P]`"	"Rejected"
"`F04[S-F]`"	"Rejected"
"`F04[S-Cl]`"	"Rejected"
"`F04[S-Br]`"	"Rejected"
"`F04[S-I]`"	"Rejected"
"`F04[S-B]`"	"Rejected"
"`F04[S-Si]`"	"Rejected"
"`F04[S-X]`"	"Rejected"
"`F04[P-P]`"	"Rejected"
"`F04[P-F]`"	"Rejected"
"`F04[P-Cl]`"	"Rejected"
"`F04[P-Br]`"	"Rejected"
"`F04[P-I]`"	"Rejected"
"`F04[P-B]`"	"Rejected"
"`F04[P-Si]`"	"Rejected"
"`F04[P-X]`"	"Rejected"
"`F04[F-F]`"	"Rejected"
"`F04[F-Cl]`"	"Rejected"
"`F04[F-Br]`"	"Rejected"
"`F04[F-I]`"	"Rejected"
"`F04[F-B]`"	"Rejected"
"`F04[F-Si]`"	"Rejected"
"`F04[F-X]`"	"Rejected"
"`F04[Cl-Cl]`"	"Rejected"
"`F04[Cl-Br]`"	"Rejected"
"`F04[Cl-I]`"	"Rejected"
"`F04[Cl-B]`"	"Rejected"
"`F04[Cl-Si]`"	"Rejected"
"`F04[Cl-X]`"	"Rejected"
"`F04[Br-Br]`"	"Rejected"
"`F04[Br-I]`"	"Rejected"
"`F04[Br-B]`"	"Rejected"
"`F04[Br-Si]`"	"Rejected"
"`F04[Br-X]`"	"Rejected"
"`F04[I-I]`"	"Rejected"
"`F04[I-B]`"	"Rejected"
"`F04[I-Si]`"	"Rejected"
"`F04[I-X]`"	"Rejected"
"`F04[B-B]`"	"Rejected"
"`F04[B-Si]`"	"Rejected"
"`F04[B-X]`"	"Rejected"
"`F04[Si-Si]`"	"Rejected"
"`F04[Si-X]`"	"Rejected"
"`F04[X-X]`"	"Rejected"
"`F05[C-C]`"	"Rejected"
"`F05[C-N]`"	"Confirmed"
"`F05[C-O]`"	"Rejected"
"`F05[C-S]`"	"Rejected"
"`F05[C-P]`"	"Rejected"
"`F05[C-F]`"	"Rejected"
"`F05[C-Cl]`"	"Rejected"
"`F05[C-Br]`"	"Rejected"
"`F05[C-I]`"	"Rejected"
"`F05[C-B]`"	"Rejected"
"`F05[C-Si]`"	"Rejected"
"`F05[C-X]`"	"Rejected"
"`F05[N-N]`"	"Rejected"
"`F05[N-O]`"	"Rejected"
"`F05[N-S]`"	"Rejected"
"`F05[N-P]`"	"Rejected"
"`F05[N-F]`"	"Rejected"
"`F05[N-Cl]`"	"Rejected"
"`F05[N-Br]`"	"Rejected"
"`F05[N-I]`"	"Rejected"
"`F05[N-B]`"	"Rejected"
"`F05[N-Si]`"	"Rejected"
"`F05[N-X]`"	"Rejected"
"`F05[O-O]`"	"Rejected"
"`F05[O-S]`"	"Rejected"
"`F05[O-P]`"	"Rejected"
"`F05[O-F]`"	"Rejected"
"`F05[O-Cl]`"	"Rejected"
"`F05[O-Br]`"	"Rejected"
"`F05[O-I]`"	"Rejected"
"`F05[O-B]`"	"Rejected"
"`F05[O-Si]`"	"Rejected"
"`F05[O-X]`"	"Rejected"
"`F05[S-S]`"	"Rejected"
"`F05[S-P]`"	"Rejected"
"`F05[S-F]`"	"Rejected"
"`F05[S-Cl]`"	"Rejected"
"`F05[S-Br]`"	"Rejected"
"`F05[S-I]`"	"Rejected"
"`F05[S-B]`"	"Rejected"
"`F05[S-Si]`"	"Rejected"
"`F05[S-X]`"	"Rejected"
"`F05[P-P]`"	"Rejected"
"`F05[P-F]`"	"Rejected"
"`F05[P-Cl]`"	"Rejected"
"`F05[P-Br]`"	"Rejected"
"`F05[P-I]`"	"Rejected"
"`F05[P-B]`"	"Rejected"
"`F05[P-Si]`"	"Rejected"
"`F05[P-X]`"	"Rejected"
"`F05[F-F]`"	"Rejected"
"`F05[F-Cl]`"	"Rejected"
"`F05[F-Br]`"	"Rejected"
"`F05[F-I]`"	"Rejected"
"`F05[F-B]`"	"Rejected"
"`F05[F-Si]`"	"Rejected"
"`F05[F-X]`"	"Rejected"
"`F05[Cl-Cl]`"	"Rejected"
"`F05[Cl-Br]`"	"Rejected"
"`F05[Cl-I]`"	"Rejected"
"`F05[Cl-B]`"	"Rejected"
"`F05[Cl-Si]`"	"Rejected"
"`F05[Cl-X]`"	"Rejected"
"`F05[Br-Br]`"	"Rejected"
"`F05[Br-I]`"	"Rejected"
"`F05[Br-B]`"	"Rejected"
"`F05[Br-Si]`"	"Rejected"
"`F05[Br-X]`"	"Rejected"
"`F05[I-I]`"	"Rejected"
"`F05[I-B]`"	"Rejected"
"`F05[I-Si]`"	"Rejected"
"`F05[I-X]`"	"Rejected"
"`F05[B-B]`"	"Rejected"
"`F05[B-Si]`"	"Rejected"
"`F05[B-X]`"	"Rejected"
"`F05[Si-Si]`"	"Rejected"
"`F05[Si-X]`"	"Rejected"
"`F05[X-X]`"	"Rejected"
"`F06[C-C]`"	"Rejected"
"`F06[C-N]`"	"Rejected"
"`F06[C-O]`"	"Rejected"
"`F06[C-S]`"	"Rejected"
"`F06[C-P]`"	"Rejected"
"`F06[C-F]`"	"Rejected"
"`F06[C-Cl]`"	"Rejected"
"`F06[C-Br]`"	"Rejected"
"`F06[C-I]`"	"Rejected"
"`F06[C-B]`"	"Rejected"
"`F06[C-Si]`"	"Rejected"
"`F06[C-X]`"	"Rejected"
"`F06[N-N]`"	"Rejected"
"`F06[N-O]`"	"Rejected"
"`F06[N-S]`"	"Rejected"
"`F06[N-P]`"	"Rejected"
"`F06[N-F]`"	"Rejected"
"`F06[N-Cl]`"	"Rejected"
"`F06[N-Br]`"	"Rejected"
"`F06[N-I]`"	"Rejected"
"`F06[N-B]`"	"Rejected"
"`F06[N-Si]`"	"Rejected"
"`F06[N-X]`"	"Rejected"
"`F06[O-O]`"	"Rejected"
"`F06[O-S]`"	"Rejected"
"`F06[O-P]`"	"Rejected"
"`F06[O-F]`"	"Rejected"
"`F06[O-Cl]`"	"Rejected"
"`F06[O-Br]`"	"Rejected"
"`F06[O-I]`"	"Rejected"
"`F06[O-B]`"	"Rejected"
"`F06[O-Si]`"	"Rejected"
"`F06[O-X]`"	"Rejected"
"`F06[S-S]`"	"Rejected"
"`F06[S-P]`"	"Rejected"
"`F06[S-F]`"	"Rejected"
"`F06[S-Cl]`"	"Rejected"
"`F06[S-Br]`"	"Rejected"
"`F06[S-I]`"	"Rejected"
"`F06[S-B]`"	"Rejected"
"`F06[S-Si]`"	"Rejected"
"`F06[S-X]`"	"Rejected"
"`F06[P-P]`"	"Rejected"
"`F06[P-F]`"	"Rejected"
"`F06[P-Cl]`"	"Rejected"
"`F06[P-Br]`"	"Rejected"
"`F06[P-I]`"	"Rejected"
"`F06[P-B]`"	"Rejected"
"`F06[P-Si]`"	"Rejected"
"`F06[P-X]`"	"Rejected"
"`F06[F-F]`"	"Rejected"
"`F06[F-Cl]`"	"Rejected"
"`F06[F-Br]`"	"Rejected"
"`F06[F-I]`"	"Rejected"
"`F06[F-B]`"	"Rejected"
"`F06[F-Si]`"	"Rejected"
"`F06[F-X]`"	"Rejected"
"`F06[Cl-Cl]`"	"Rejected"
"`F06[Cl-Br]`"	"Rejected"
"`F06[Cl-I]`"	"Rejected"
"`F06[Cl-B]`"	"Rejected"
"`F06[Cl-Si]`"	"Rejected"
"`F06[Cl-X]`"	"Rejected"
"`F06[Br-Br]`"	"Rejected"
"`F06[Br-I]`"	"Rejected"
"`F06[Br-B]`"	"Rejected"
"`F06[Br-Si]`"	"Rejected"
"`F06[Br-X]`"	"Rejected"
"`F06[I-I]`"	"Rejected"
"`F06[I-B]`"	"Rejected"
"`F06[I-Si]`"	"Rejected"
"`F06[I-X]`"	"Rejected"
"`F06[B-B]`"	"Rejected"
"`F06[B-Si]`"	"Rejected"
"`F06[B-X]`"	"Rejected"
"`F06[Si-Si]`"	"Rejected"
"`F06[Si-X]`"	"Rejected"
"`F06[X-X]`"	"Rejected"
"`F07[C-C]`"	"Rejected"
"`F07[C-N]`"	"Rejected"
"`F07[C-O]`"	"Rejected"
"`F07[C-S]`"	"Rejected"
"`F07[C-P]`"	"Rejected"
"`F07[C-F]`"	"Rejected"
"`F07[C-Cl]`"	"Rejected"
"`F07[C-Br]`"	"Rejected"
"`F07[C-I]`"	"Rejected"
"`F07[C-B]`"	"Rejected"
"`F07[C-Si]`"	"Rejected"
"`F07[C-X]`"	"Rejected"
"`F07[N-N]`"	"Rejected"
"`F07[N-O]`"	"Rejected"
"`F07[N-S]`"	"Rejected"
"`F07[N-P]`"	"Rejected"
"`F07[N-F]`"	"Rejected"
"`F07[N-Cl]`"	"Rejected"
"`F07[N-Br]`"	"Rejected"
"`F07[N-I]`"	"Rejected"
"`F07[N-B]`"	"Rejected"
"`F07[N-Si]`"	"Rejected"
"`F07[N-X]`"	"Rejected"
"`F07[O-O]`"	"Rejected"
"`F07[O-S]`"	"Rejected"
"`F07[O-P]`"	"Rejected"
"`F07[O-F]`"	"Rejected"
"`F07[O-Cl]`"	"Rejected"
"`F07[O-Br]`"	"Rejected"
"`F07[O-I]`"	"Rejected"
"`F07[O-B]`"	"Rejected"
"`F07[O-Si]`"	"Rejected"
"`F07[O-X]`"	"Rejected"
"`F07[S-S]`"	"Rejected"
"`F07[S-P]`"	"Rejected"
"`F07[S-F]`"	"Rejected"
"`F07[S-Cl]`"	"Rejected"
"`F07[S-Br]`"	"Rejected"
"`F07[S-I]`"	"Rejected"
"`F07[S-B]`"	"Rejected"
"`F07[S-Si]`"	"Rejected"
"`F07[S-X]`"	"Rejected"
"`F07[P-P]`"	"Rejected"
"`F07[P-F]`"	"Rejected"
"`F07[P-Cl]`"	"Rejected"
"`F07[P-Br]`"	"Rejected"
"`F07[P-I]`"	"Rejected"
"`F07[P-B]`"	"Rejected"
"`F07[P-Si]`"	"Rejected"
"`F07[P-X]`"	"Rejected"
"`F07[F-F]`"	"Rejected"
"`F07[F-Cl]`"	"Rejected"
"`F07[F-Br]`"	"Rejected"
"`F07[F-I]`"	"Rejected"
"`F07[F-B]`"	"Rejected"
"`F07[F-Si]`"	"Rejected"
"`F07[F-X]`"	"Rejected"
"`F07[Cl-Cl]`"	"Rejected"
"`F07[Cl-Br]`"	"Rejected"
"`F07[Cl-I]`"	"Rejected"
"`F07[Cl-B]`"	"Rejected"
"`F07[Cl-Si]`"	"Rejected"
"`F07[Cl-X]`"	"Rejected"
"`F07[Br-Br]`"	"Rejected"
"`F07[Br-I]`"	"Rejected"
"`F07[Br-B]`"	"Rejected"
"`F07[Br-Si]`"	"Rejected"
"`F07[Br-X]`"	"Rejected"
"`F07[I-I]`"	"Rejected"
"`F07[I-B]`"	"Rejected"
"`F07[I-Si]`"	"Rejected"
"`F07[I-X]`"	"Rejected"
"`F07[B-B]`"	"Rejected"
"`F07[B-Si]`"	"Rejected"
"`F07[B-X]`"	"Rejected"
"`F07[Si-Si]`"	"Rejected"
"`F07[Si-X]`"	"Rejected"
"`F07[X-X]`"	"Rejected"
"`F08[C-C]`"	"Rejected"
"`F08[C-N]`"	"Rejected"
"`F08[C-O]`"	"Rejected"
"`F08[C-S]`"	"Rejected"
"`F08[C-P]`"	"Rejected"
"`F08[C-F]`"	"Rejected"
"`F08[C-Cl]`"	"Rejected"
"`F08[C-Br]`"	"Rejected"
"`F08[C-I]`"	"Rejected"
"`F08[C-B]`"	"Rejected"
"`F08[C-Si]`"	"Rejected"
"`F08[C-X]`"	"Rejected"
"`F08[N-N]`"	"Rejected"
"`F08[N-O]`"	"Rejected"
"`F08[N-S]`"	"Rejected"
"`F08[N-P]`"	"Rejected"
"`F08[N-F]`"	"Rejected"
"`F08[N-Cl]`"	"Rejected"
"`F08[N-Br]`"	"Rejected"
"`F08[N-I]`"	"Rejected"
"`F08[N-B]`"	"Rejected"
"`F08[N-Si]`"	"Rejected"
"`F08[N-X]`"	"Rejected"
"`F08[O-O]`"	"Rejected"
"`F08[O-S]`"	"Rejected"
"`F08[O-P]`"	"Rejected"
"`F08[O-F]`"	"Rejected"
"`F08[O-Cl]`"	"Rejected"
"`F08[O-Br]`"	"Rejected"
"`F08[O-I]`"	"Rejected"
"`F08[O-B]`"	"Rejected"
"`F08[O-Si]`"	"Rejected"
"`F08[O-X]`"	"Rejected"
"`F08[S-S]`"	"Rejected"
"`F08[S-P]`"	"Rejected"
"`F08[S-F]`"	"Rejected"
"`F08[S-Cl]`"	"Rejected"
"`F08[S-Br]`"	"Rejected"
"`F08[S-I]`"	"Rejected"
"`F08[S-B]`"	"Rejected"
"`F08[S-Si]`"	"Rejected"
"`F08[S-X]`"	"Rejected"
"`F08[P-P]`"	"Rejected"
"`F08[P-F]`"	"Rejected"
"`F08[P-Cl]`"	"Rejected"
"`F08[P-Br]`"	"Rejected"
"`F08[P-I]`"	"Rejected"
"`F08[P-B]`"	"Rejected"
"`F08[P-Si]`"	"Rejected"
"`F08[P-X]`"	"Rejected"
"`F08[F-F]`"	"Rejected"
"`F08[F-Cl]`"	"Rejected"
"`F08[F-Br]`"	"Rejected"
"`F08[F-I]`"	"Rejected"
"`F08[F-B]`"	"Rejected"
"`F08[F-Si]`"	"Rejected"
"`F08[F-X]`"	"Rejected"
"`F08[Cl-Cl]`"	"Rejected"
"`F08[Cl-Br]`"	"Rejected"
"`F08[Cl-I]`"	"Rejected"
"`F08[Cl-B]`"	"Rejected"
"`F08[Cl-Si]`"	"Rejected"
"`F08[Cl-X]`"	"Rejected"
"`F08[Br-Br]`"	"Rejected"
"`F08[Br-I]`"	"Rejected"
"`F08[Br-B]`"	"Rejected"
"`F08[Br-Si]`"	"Rejected"
"`F08[Br-X]`"	"Rejected"
"`F08[I-I]`"	"Rejected"
"`F08[I-B]`"	"Rejected"
"`F08[I-Si]`"	"Rejected"
"`F08[I-X]`"	"Rejected"
"`F08[B-B]`"	"Rejected"
"`F08[B-Si]`"	"Rejected"
"`F08[B-X]`"	"Rejected"
"`F08[Si-Si]`"	"Rejected"
"`F08[Si-X]`"	"Rejected"
"`F08[X-X]`"	"Rejected"
"`F09[C-C]`"	"Rejected"
"`F09[C-N]`"	"Rejected"
"`F09[C-O]`"	"Rejected"
"`F09[C-S]`"	"Rejected"
"`F09[C-P]`"	"Rejected"
"`F09[C-F]`"	"Rejected"
"`F09[C-Cl]`"	"Rejected"
"`F09[C-Br]`"	"Rejected"
"`F09[C-I]`"	"Rejected"
"`F09[C-B]`"	"Rejected"
"`F09[C-Si]`"	"Rejected"
"`F09[C-X]`"	"Rejected"
"`F09[N-N]`"	"Rejected"
"`F09[N-O]`"	"Rejected"
"`F09[N-S]`"	"Rejected"
"`F09[N-P]`"	"Rejected"
"`F09[N-F]`"	"Rejected"
"`F09[N-Cl]`"	"Rejected"
"`F09[N-Br]`"	"Rejected"
"`F09[N-I]`"	"Rejected"
"`F09[N-B]`"	"Rejected"
"`F09[N-Si]`"	"Rejected"
"`F09[N-X]`"	"Rejected"
"`F09[O-O]`"	"Rejected"
"`F09[O-S]`"	"Rejected"
"`F09[O-P]`"	"Rejected"
"`F09[O-F]`"	"Rejected"
"`F09[O-Cl]`"	"Rejected"
"`F09[O-Br]`"	"Rejected"
"`F09[O-I]`"	"Rejected"
"`F09[O-B]`"	"Rejected"
"`F09[O-Si]`"	"Rejected"
"`F09[O-X]`"	"Rejected"
"`F09[S-S]`"	"Rejected"
"`F09[S-P]`"	"Rejected"
"`F09[S-F]`"	"Rejected"
"`F09[S-Cl]`"	"Rejected"
"`F09[S-Br]`"	"Rejected"
"`F09[S-I]`"	"Rejected"
"`F09[S-B]`"	"Rejected"
"`F09[S-Si]`"	"Rejected"
"`F09[S-X]`"	"Rejected"
"`F09[P-P]`"	"Rejected"
"`F09[P-F]`"	"Rejected"
"`F09[P-Cl]`"	"Rejected"
"`F09[P-Br]`"	"Rejected"
"`F09[P-I]`"	"Rejected"
"`F09[P-B]`"	"Rejected"
"`F09[P-Si]`"	"Rejected"
"`F09[P-X]`"	"Rejected"
"`F09[F-F]`"	"Rejected"
"`F09[F-Cl]`"	"Rejected"
"`F09[F-Br]`"	"Rejected"
"`F09[F-I]`"	"Rejected"
"`F09[F-B]`"	"Rejected"
"`F09[F-Si]`"	"Rejected"
"`F09[F-X]`"	"Rejected"
"`F09[Cl-Cl]`"	"Rejected"
"`F09[Cl-Br]`"	"Rejected"
"`F09[Cl-I]`"	"Rejected"
"`F09[Cl-B]`"	"Rejected"
"`F09[Cl-Si]`"	"Rejected"
"`F09[Cl-X]`"	"Rejected"
"`F09[Br-Br]`"	"Rejected"
"`F09[Br-I]`"	"Rejected"
"`F09[Br-B]`"	"Rejected"
"`F09[Br-Si]`"	"Rejected"
"`F09[Br-X]`"	"Rejected"
"`F09[I-I]`"	"Rejected"
"`F09[I-B]`"	"Rejected"
"`F09[I-Si]`"	"Rejected"
"`F09[I-X]`"	"Rejected"
"`F09[B-B]`"	"Rejected"
"`F09[B-Si]`"	"Rejected"
"`F09[B-X]`"	"Rejected"
"`F09[Si-Si]`"	"Rejected"
"`F09[Si-X]`"	"Rejected"
"`F09[X-X]`"	"Rejected"
"`F10[C-C]`"	"Rejected"
"`F10[C-N]`"	"Rejected"
"`F10[C-O]`"	"Rejected"
"`F10[C-S]`"	"Rejected"
"`F10[C-P]`"	"Rejected"
"`F10[C-F]`"	"Rejected"
"`F10[C-Cl]`"	"Rejected"
"`F10[C-Br]`"	"Rejected"
"`F10[C-I]`"	"Rejected"
"`F10[C-B]`"	"Rejected"
"`F10[C-Si]`"	"Rejected"
"`F10[C-X]`"	"Rejected"
"`F10[N-N]`"	"Rejected"
"`F10[N-O]`"	"Rejected"
"`F10[N-S]`"	"Rejected"
"`F10[N-P]`"	"Rejected"
"`F10[N-F]`"	"Rejected"
"`F10[N-Cl]`"	"Rejected"
"`F10[N-Br]`"	"Rejected"
"`F10[N-I]`"	"Rejected"
"`F10[N-B]`"	"Rejected"
"`F10[N-Si]`"	"Rejected"
"`F10[N-X]`"	"Rejected"
"`F10[O-O]`"	"Rejected"
"`F10[O-S]`"	"Rejected"
"`F10[O-P]`"	"Rejected"
"`F10[O-F]`"	"Rejected"
"`F10[O-Cl]`"	"Rejected"
"`F10[O-Br]`"	"Rejected"
"`F10[O-I]`"	"Rejected"
"`F10[O-B]`"	"Rejected"
"`F10[O-Si]`"	"Rejected"
"`F10[O-X]`"	"Rejected"
"`F10[S-S]`"	"Rejected"
"`F10[S-P]`"	"Rejected"
"`F10[S-F]`"	"Rejected"
"`F10[S-Cl]`"	"Rejected"
"`F10[S-Br]`"	"Rejected"
"`F10[S-I]`"	"Rejected"
"`F10[S-B]`"	"Rejected"
"`F10[S-Si]`"	"Rejected"
"`F10[S-X]`"	"Rejected"
"`F10[P-P]`"	"Rejected"
"`F10[P-F]`"	"Rejected"
"`F10[P-Cl]`"	"Rejected"
"`F10[P-Br]`"	"Rejected"
"`F10[P-I]`"	"Rejected"
"`F10[P-B]`"	"Rejected"
"`F10[P-Si]`"	"Rejected"
"`F10[P-X]`"	"Rejected"
"`F10[F-F]`"	"Rejected"
"`F10[F-Cl]`"	"Rejected"
"`F10[F-Br]`"	"Rejected"
"`F10[F-I]`"	"Rejected"
"`F10[F-B]`"	"Rejected"
"`F10[F-Si]`"	"Rejected"
"`F10[F-X]`"	"Rejected"
"`F10[Cl-Cl]`"	"Rejected"
"`F10[Cl-Br]`"	"Rejected"
"`F10[Cl-I]`"	"Rejected"
"`F10[Cl-B]`"	"Rejected"
"`F10[Cl-Si]`"	"Rejected"
"`F10[Cl-X]`"	"Rejected"
"`F10[Br-Br]`"	"Rejected"
"`F10[Br-I]`"	"Rejected"
"`F10[Br-B]`"	"Rejected"
"`F10[Br-Si]`"	"Rejected"
"`F10[Br-X]`"	"Rejected"
"`F10[I-I]`"	"Rejected"
"`F10[I-B]`"	"Rejected"
"`F10[I-Si]`"	"Rejected"
"`F10[I-X]`"	"Rejected"
"`F10[B-B]`"	"Rejected"
"`F10[B-Si]`"	"Rejected"
"`F10[B-X]`"	"Rejected"
"`F10[Si-Si]`"	"Rejected"
"`F10[Si-X]`"	"Rejected"
"`F10[X-X]`"	"Rejected"
"nCp"	"Rejected"
"nCs"	"Rejected"
"nCt"	"Rejected"
"nCq"	"Rejected"
"nCrs"	"Rejected"
"nCrt"	"Rejected"
"nCrq"	"Rejected"
"nCar"	"Rejected"
"nCbH"	"Rejected"
"`nCb-`"	"Rejected"
"nCconj"	"Rejected"
"`nR=Cp`"	"Rejected"
"`nR=Cs`"	"Rejected"
"`nR=Ct`"	"Rejected"
"`n=C=`"	"Rejected"
"`nR#CH/X`"	"Rejected"
"`nR#C-`"	"Rejected"
"nROCN"	"Rejected"
"nArOCN"	"Rejected"
"nRNCO"	"Rejected"
"nArNCO"	"Rejected"
"nRSCN"	"Rejected"
"nArSCN"	"Rejected"
"nRNCS"	"Rejected"
"nArNCS"	"Rejected"
"nRCOOH"	"Rejected"
"nArCOOH"	"Rejected"
"nRCOOR"	"Confirmed"
"nArCOOR"	"Rejected"
"nRCONH2"	"Rejected"
"nArCONH2"	"Rejected"
"nRCONHR"	"Rejected"
"nArCONHR"	"Rejected"
"nRCONR2"	"Rejected"
"nArCONR2"	"Rejected"
"nROCON"	"Rejected"
"nArOCON"	"Rejected"
"nRCOX"	"Rejected"
"nArCOX"	"Rejected"
"nRCSOH"	"Rejected"
"nArCSOH"	"Rejected"
"nRCSSH"	"Rejected"
"nArCSSH"	"Rejected"
"nRCOSR"	"Rejected"
"nArCOSR"	"Rejected"
"nRCSSR"	"Rejected"
"nArCSSR"	"Rejected"
"nRCHO"	"Rejected"
"nArCHO"	"Rejected"
"nRCO"	"Rejected"
"nArCO"	"Rejected"
"nCONN"	"Confirmed"
"`nC=O(O)2`"	"Rejected"
"`nN=C-N<`"	"Rejected"
"`nC(=N)N2`"	"Rejected"
"`nRC=N`"	"Rejected"
"`nArC=N`"	"Rejected"
"nRCNO"	"Rejected"
"nArCNO"	"Rejected"
"nRNH2"	"Rejected"
"nArNH2"	"Rejected"
"nRNHR"	"Rejected"
"nArNHR"	"Rejected"
"nRNR2"	"Rejected"
"nArNR2"	"Rejected"
"`nN-N`"	"Rejected"
"`nN=N`"	"Rejected"
"nRCN"	"Rejected"
"nArCN"	"Rejected"
"`nN+`"	"Rejected"
"nNq"	"Rejected"
"nRNHO"	"Rejected"
"nArNHO"	"Rejected"
"nRNNOx"	"Rejected"
"nArNNOx"	"Rejected"
"nRNO"	"Rejected"
"nArNO"	"Rejected"
"nRNO2"	"Rejected"
"nArNO2"	"Rejected"
"`nN(CO)2`"	"Rejected"
"`nC=N-N<`"	"Rejected"
"nROH"	"Confirmed"
"nArOH"	"Rejected"
"nOHp"	"Rejected"
"nOHs"	"Confirmed"
"nOHt"	"Rejected"
"nROR"	"Rejected"
"nArOR"	"Rejected"
"nROX"	"Rejected"
"nArOX"	"Rejected"
"`nO(C=O)2`"	"Rejected"
"nH2O"	"Rejected"
"nSH"	"Rejected"
"`nC=S`"	"Rejected"
"nRSR"	"Rejected"
"nRSSR"	"Rejected"
"nSO"	"Rejected"
"`nS(=O)2`"	"Rejected"
"nSOH"	"Rejected"
"nSOOH"	"Rejected"
"nSO2OH"	"Rejected"
"nSO3OH"	"Rejected"
"nSO2"	"Rejected"
"nSO3"	"Rejected"
"nSO4"	"Rejected"
"nSO2N"	"Rejected"
"nPO3"	"Rejected"
"nPO4"	"Rejected"
"nPR3"	"Rejected"
"`nP(=O)O2R`"	"Rejected"
"`nP(=O)R3/nPR5`"	"Rejected"
"nCH2RX"	"Rejected"
"nCHR2X"	"Rejected"
"nCR3X"	"Rejected"
"`nR=CHX`"	"Rejected"
"`nR=CRX`"	"Rejected"
"`nR#CX`"	"Rejected"
"nCHRX2"	"Rejected"
"nCR2X2"	"Rejected"
"`nR=CX2`"	"Rejected"
"nCRX3"	"Rejected"
"nArX"	"Rejected"
"nCXr"	"Rejected"
"`nCXr=`"	"Rejected"
"nCconjX"	"Rejected"
"nAziridines"	"Rejected"
"nOxiranes"	"Rejected"
"nThiranes"	"Rejected"
"nAzetidines"	"Rejected"
"nOxetanes"	"Rejected"
"nThioethanes"	"Rejected"
"`nBeta-Lactams`"	"Rejected"
"nPyrrolidines"	"Rejected"
"nOxolanes"	"Rejected"
"`ntH-Thiophenes`"	"Rejected"
"nPyrroles"	"Rejected"
"nPyrazoles"	"Rejected"
"nImidazoles"	"Rejected"
"nFuranes"	"Rejected"
"nThiophenes"	"Rejected"
"nOxazoles"	"Rejected"
"nIsoxazoles"	"Rejected"
"nThiazoles"	"Rejected"
"nIsothiazoles"	"Rejected"
"nTriazoles"	"Rejected"
"nPyridines"	"Rejected"
"nPyridazines"	"Rejected"
"nPyrimidines"	"Rejected"
"nPyrazines"	"Rejected"
"`n135-Triazines`"	"Rejected"
"`n124-Triazines`"	"Rejected"
"nHDon"	"Rejected"
"nHAcc"	"Rejected"
"`C-001`"	"Rejected"
"`C-002`"	"Rejected"
"`C-003`"	"Rejected"
"`C-004`"	"Rejected"
"`C-005`"	"Rejected"
"`C-006`"	"Rejected"
"`C-007`"	"Rejected"
"`C-008`"	"Rejected"
"`C-009`"	"Rejected"
"`C-010`"	"Rejected"
"`C-011`"	"Rejected"
"`C-012`"	"Rejected"
"`C-013`"	"Rejected"
"`C-014`"	"Rejected"
"`C-015`"	"Rejected"
"`C-016`"	"Rejected"
"`C-017`"	"Rejected"
"`C-018`"	"Rejected"
"`C-019`"	"Rejected"
"`C-020`"	"Rejected"
"`C-021`"	"Rejected"
"`C-022`"	"Rejected"
"`C-023`"	"Rejected"
"`C-024`"	"Rejected"
"`C-025`"	"Rejected"
"`C-026`"	"Rejected"
"`C-027`"	"Rejected"
"`C-028`"	"Rejected"
"`C-029`"	"Rejected"
"`C-030`"	"Rejected"
"`C-031`"	"Rejected"
"`C-032`"	"Rejected"
"`C-033`"	"Rejected"
"`C-034`"	"Rejected"
"`C-035`"	"Rejected"
"`C-036`"	"Rejected"
"`C-037`"	"Rejected"
"`C-038`"	"Rejected"
"`C-039`"	"Rejected"
"`C-040`"	"Rejected"
"`C-041`"	"Confirmed"
"`C-042`"	"Rejected"
"`C-043`"	"Rejected"
"`C-044`"	"Rejected"
"`H-046`"	"Rejected"
"`H-047`"	"Confirmed"
"`H-048`"	"Rejected"
"`H-049`"	"Rejected"
"`H-050`"	"Rejected"
"`H-051`"	"Rejected"
"`H-052`"	"Rejected"
"`H-053`"	"Rejected"
"`H-054`"	"Rejected"
"`H-055`"	"Rejected"
"`O-056`"	"Rejected"
"`O-057`"	"Rejected"
"`O-058`"	"Rejected"
"`O-059`"	"Rejected"
"`O-060`"	"Confirmed"
"`O-061`"	"Rejected"
"`O-062`"	"Rejected"
"`O-063`"	"Rejected"
"`Se-064`"	"Rejected"
"`Se-065`"	"Rejected"
"`N-066`"	"Rejected"
"`N-067`"	"Rejected"
"`N-068`"	"Rejected"
"`N-069`"	"Rejected"
"`N-070`"	"Rejected"
"`N-071`"	"Rejected"
"`N-072`"	"Confirmed"
"`N-073`"	"Rejected"
"`N-074`"	"Confirmed"
"`N-075`"	"Rejected"
"`N-076`"	"Rejected"
"`N-077`"	"Rejected"
"`N-078`"	"Rejected"
"`N-079`"	"Rejected"
"`F-081`"	"Rejected"
"`F-082`"	"Rejected"
"`F-083`"	"Rejected"
"`F-084`"	"Rejected"
"`F-085`"	"Rejected"
"`Cl-086`"	"Rejected"
"`Cl-087`"	"Rejected"
"`Cl-088`"	"Rejected"
"`Cl-089`"	"Rejected"
"`Cl-090`"	"Rejected"
"`Br-091`"	"Rejected"
"`Br-092`"	"Rejected"
"`Br-093`"	"Rejected"
"`Br-094`"	"Rejected"
"`Br-095`"	"Rejected"
"`I-096`"	"Rejected"
"`I-097`"	"Rejected"
"`I-098`"	"Rejected"
"`I-099`"	"Rejected"
"`I-100`"	"Rejected"
"`F-101`"	"Rejected"
"`Cl-102`"	"Rejected"
"`Br-103`"	"Rejected"
"`I-104`"	"Rejected"
"`S-106`"	"Rejected"
"`S-107`"	"Rejected"
"`S-108`"	"Rejected"
"`S-109`"	"Rejected"
"`S-110`"	"Rejected"
"`Si-111`"	"Rejected"
"`B-112`"	"Rejected"
"`P-115`"	"Rejected"
"`P-116`"	"Rejected"
"`P-117`"	"Rejected"
"`P-118`"	"Rejected"
"`P-119`"	"Rejected"
"`P-120`"	"Rejected"
"J_A"	"Confirmed"
"SpPos_A"	"Rejected"
"SpPosA_A"	"Confirmed"
"SpPosLog_A"	"Rejected"
"SpMax_A"	"Confirmed"
"SpMaxA_A"	"Rejected"
"SpDiam_A"	"Confirmed"
"SpAD_A"	"Rejected"
"SpMAD_A"	"Confirmed"
"Ho_A"	"Rejected"
"EE_A"	"Rejected"
"Wi_D"	"Rejected"
"WiA_D"	"Rejected"
"AVS_D"	"Rejected"
"H_D"	"Rejected"
"Chi_D"	"Rejected"
"ChiA_D"	"Rejected"
"J_D"	"Confirmed"
"HyWi_D"	"Rejected"
"SpPos_D"	"Rejected"
"SpPosA_D"	"Rejected"
"SpPosLog_D"	"Rejected"
"SpMax_D"	"Rejected"
"SpMaxA_D"	"Rejected"
"SpDiam_D"	"Rejected"
"SpAD_D"	"Rejected"
"SpMAD_D"	"Rejected"
"Ho_D"	"Rejected"
"SM2_D"	"Rejected"
"SM3_D"	"Rejected"
"SM4_D"	"Rejected"
"SM5_D"	"Rejected"
"SM6_D"	"Rejected"
"QW_L"	"Rejected"
"TI1_L"	"Rejected"
"TI2_L"	"Rejected"
"STN_L"	"Rejected"
"SpPos_L"	"Rejected"
"SpPosA_L"	"Confirmed"
"SpPosLog_L"	"Rejected"
"SpMax_L"	"Confirmed"
"SpMaxA_L"	"Rejected"
"SpDiam_L"	"Confirmed"
"SpAD_L"	"Rejected"
"SpMAD_L"	"Confirmed"
"Ho_L"	"Rejected"
"EE_L"	"Rejected"
"SM2_L"	"Rejected"
"SM3_L"	"Rejected"
"SM4_L"	"Rejected"
"SM5_L"	"Rejected"
"SM6_L"	"Rejected"
"AVS_X"	"Rejected"
"H_X"	"Rejected"
"Chi_X"	"Rejected"
"ChiA_X"	"Rejected"
"J_X"	"Rejected"
"HyWi_X"	"Rejected"
"SpPos_X"	"Rejected"
"SpPosA_X"	"Rejected"
"SpPosLog_X"	"Rejected"
"SpMax_X"	"Rejected"
"SpMaxA_X"	"Rejected"
"SpDiam_X"	"Rejected"
"SpAD_X"	"Rejected"
"SpMAD_X"	"Rejected"
"Ho_X"	"Rejected"
"EE_X"	"Rejected"
"SM2_X"	"Rejected"
"SM3_X"	"Rejected"
"SM4_X"	"Rejected"
"SM5_X"	"Rejected"
"SM6_X"	"Confirmed"
"Wi_H2"	"Rejected"
"WiA_H2"	"Rejected"
"AVS_H2"	"Rejected"
"Chi_H2"	"Rejected"
"ChiA_H2"	"Rejected"
"J_H2"	"Confirmed"
"HyWi_H2"	"Rejected"
"SpPos_H2"	"Rejected"
"SpPosA_H2"	"Confirmed"
"SpPosLog_H2"	"Rejected"
"SpMax_H2"	"Rejected"
"SpMaxA_H2"	"Rejected"
"SpDiam_H2"	"Rejected"
"SpAD_H2"	"Rejected"
"SpMAD_H2"	"Confirmed"
"Ho_H2"	"Rejected"
"EE_H2"	"Rejected"
"SM2_H2"	"Rejected"
"SM3_H2"	"Rejected"
"SM4_H2"	"Rejected"
"SM5_H2"	"Rejected"
"SM6_H2"	"Confirmed"
"`Wi_Dz(Z)`"	"Rejected"
"`WiA_Dz(Z)`"	"Rejected"
"`AVS_Dz(Z)`"	"Rejected"
"`H_Dz(Z)`"	"Rejected"
"`Chi_Dz(Z)`"	"Confirmed"
"`ChiA_Dz(Z)`"	"Rejected"
"`J_Dz(Z)`"	"Confirmed"
"`HyWi_Dz(Z)`"	"Rejected"
"`SpAbs_Dz(Z)`"	"Confirmed"
"`SpPos_Dz(Z)`"	"Rejected"
"`SpPosA_Dz(Z)`"	"Rejected"
"`SpPosLog_Dz(Z)`"	"Rejected"
"`SpMax_Dz(Z)`"	"Confirmed"
"`SpMaxA_Dz(Z)`"	"Confirmed"
"`SpDiam_Dz(Z)`"	"Rejected"
"`SpAD_Dz(Z)`"	"Rejected"
"`SpMAD_Dz(Z)`"	"Confirmed"
"`Ho_Dz(Z)`"	"Rejected"
"`SM1_Dz(Z)`"	"Rejected"
"`SM2_Dz(Z)`"	"Confirmed"
"`SM3_Dz(Z)`"	"Rejected"
"`SM4_Dz(Z)`"	"Rejected"
"`SM5_Dz(Z)`"	"Confirmed"
"`SM6_Dz(Z)`"	"Confirmed"
"`Wi_Dz(m)`"	"Rejected"
"`WiA_Dz(m)`"	"Rejected"
"`AVS_Dz(m)`"	"Confirmed"
"`H_Dz(m)`"	"Rejected"
"`Chi_Dz(m)`"	"Confirmed"
"`ChiA_Dz(m)`"	"Rejected"
"`J_Dz(m)`"	"Confirmed"
"`HyWi_Dz(m)`"	"Confirmed"
"`SpAbs_Dz(m)`"	"Confirmed"
"`SpPos_Dz(m)`"	"Rejected"
"`SpPosA_Dz(m)`"	"Rejected"
"`SpPosLog_Dz(m)`"	"Rejected"
"`SpMax_Dz(m)`"	"Rejected"
"`SpMaxA_Dz(m)`"	"Confirmed"
"`SpDiam_Dz(m)`"	"Rejected"
"`SpAD_Dz(m)`"	"Confirmed"
"`SpMAD_Dz(m)`"	"Confirmed"
"`Ho_Dz(m)`"	"Rejected"
"`SM1_Dz(m)`"	"Rejected"
"`SM2_Dz(m)`"	"Confirmed"
"`SM3_Dz(m)`"	"Confirmed"
"`SM4_Dz(m)`"	"Confirmed"
"`SM5_Dz(m)`"	"Rejected"
"`SM6_Dz(m)`"	"Rejected"
"`Wi_Dz(v)`"	"Rejected"
"`WiA_Dz(v)`"	"Rejected"
"`AVS_Dz(v)`"	"Rejected"
"`H_Dz(v)`"	"Rejected"
"`Chi_Dz(v)`"	"Confirmed"
"`ChiA_Dz(v)`"	"Rejected"
"`J_Dz(v)`"	"Confirmed"
"`HyWi_Dz(v)`"	"Rejected"
"`SpAbs_Dz(v)`"	"Rejected"
"`SpPos_Dz(v)`"	"Rejected"
"`SpPosA_Dz(v)`"	"Rejected"
"`SpPosLog_Dz(v)`"	"Rejected"
"`SpMax_Dz(v)`"	"Rejected"
"`SpMaxA_Dz(v)`"	"Rejected"
"`SpDiam_Dz(v)`"	"Rejected"
"`SpAD_Dz(v)`"	"Rejected"
"`SpMAD_Dz(v)`"	"Rejected"
"`Ho_Dz(v)`"	"Rejected"
"`SM1_Dz(v)`"	"Rejected"
"`SM2_Dz(v)`"	"Rejected"
"`SM3_Dz(v)`"	"Rejected"
"`SM4_Dz(v)`"	"Rejected"
"`SM5_Dz(v)`"	"Rejected"
"`SM6_Dz(v)`"	"Rejected"
"`Wi_Dz(e)`"	"Rejected"
"`WiA_Dz(e)`"	"Rejected"
"`AVS_Dz(e)`"	"Rejected"
"`H_Dz(e)`"	"Rejected"
"`Chi_Dz(e)`"	"Confirmed"
"`ChiA_Dz(e)`"	"Rejected"
"`J_Dz(e)`"	"Confirmed"
"`HyWi_Dz(e)`"	"Confirmed"
"`SpAbs_Dz(e)`"	"Rejected"
"`SpPos_Dz(e)`"	"Confirmed"
"`SpPosA_Dz(e)`"	"Confirmed"
"`SpPosLog_Dz(e)`"	"Rejected"
"`SpMax_Dz(e)`"	"Rejected"
"`SpMaxA_Dz(e)`"	"Rejected"
"`SpDiam_Dz(e)`"	"Rejected"
"`SpAD_Dz(e)`"	"Rejected"
"`SpMAD_Dz(e)`"	"Confirmed"
"`Ho_Dz(e)`"	"Rejected"
"`SM1_Dz(e)`"	"Rejected"
"`SM2_Dz(e)`"	"Confirmed"
"`SM3_Dz(e)`"	"Confirmed"
"`SM4_Dz(e)`"	"Rejected"
"`SM5_Dz(e)`"	"Confirmed"
"`SM6_Dz(e)`"	"Rejected"
"`Wi_Dz(p)`"	"Rejected"
"`WiA_Dz(p)`"	"Rejected"
"`AVS_Dz(p)`"	"Rejected"
"`H_Dz(p)`"	"Confirmed"
"`HyWi_Dz(p)`"	"Rejected"
"`SpAbs_Dz(p)`"	"Rejected"
"`SpPos_Dz(p)`"	"Rejected"
"`SpPosA_Dz(p)`"	"Rejected"
"`SpPosLog_Dz(p)`"	"Rejected"
"`SpMax_Dz(p)`"	"Rejected"
"`SpMaxA_Dz(p)`"	"Rejected"
"`SpDiam_Dz(p)`"	"Rejected"
"`SpAD_Dz(p)`"	"Rejected"
"`SpMAD_Dz(p)`"	"Rejected"
"`Ho_Dz(p)`"	"Rejected"
"`SM1_Dz(p)`"	"Rejected"
"`SM2_Dz(p)`"	"Rejected"
"`SM3_Dz(p)`"	"Rejected"
"`SM4_Dz(p)`"	"Rejected"
"`SM5_Dz(p)`"	"Rejected"
"`SM6_Dz(p)`"	"Rejected"
"`Wi_Dz(i)`"	"Rejected"
"`WiA_Dz(i)`"	"Rejected"
"`AVS_Dz(i)`"	"Rejected"
"`H_Dz(i)`"	"Confirmed"
"`Chi_Dz(i)`"	"Confirmed"
"`ChiA_Dz(i)`"	"Rejected"
"`J_Dz(i)`"	"Confirmed"
"`HyWi_Dz(i)`"	"Rejected"
"`SpAbs_Dz(i)`"	"Rejected"
"`SpPos_Dz(i)`"	"Confirmed"
"`SpPosA_Dz(i)`"	"Confirmed"
"`SpPosLog_Dz(i)`"	"Rejected"
"`SpMax_Dz(i)`"	"Rejected"
"`SpMaxA_Dz(i)`"	"Confirmed"
"`SpDiam_Dz(i)`"	"Rejected"
"`SpAD_Dz(i)`"	"Confirmed"
"`SpMAD_Dz(i)`"	"Confirmed"
"`Ho_Dz(i)`"	"Rejected"
"`SM1_Dz(i)`"	"Rejected"
"`SM2_Dz(i)`"	"Rejected"
"`SM3_Dz(i)`"	"Confirmed"
"`SM4_Dz(i)`"	"Rejected"
"`SM5_Dz(i)`"	"Rejected"
"`SM6_Dz(i)`"	"Rejected"
"`Wi_B(m)`"	"Rejected"
"`WiA_B(m)`"	"Rejected"
"`AVS_B(m)`"	"Confirmed"
"`Chi_B(m)`"	"Rejected"
"`ChiA_B(m)`"	"Confirmed"
"`J_B(m)`"	"Confirmed"
"`HyWi_B(m)`"	"Rejected"
"`SpAbs_B(m)`"	"Rejected"
"`SpPos_B(m)`"	"Rejected"
"`SpPosA_B(m)`"	"Confirmed"
"`SpPosLog_B(m)`"	"Rejected"
"`SpMax_B(m)`"	"Confirmed"
"`SpMaxA_B(m)`"	"Rejected"
"`SpDiam_B(m)`"	"Confirmed"
"`SpAD_B(m)`"	"Rejected"
"`SpMAD_B(m)`"	"Confirmed"
"`Ho_B(m)`"	"Rejected"
"`EE_B(m)`"	"Rejected"
"`SM1_B(m)`"	"Rejected"
"`SM2_B(m)`"	"Rejected"
"`SM3_B(m)`"	"Rejected"
"`SM4_B(m)`"	"Confirmed"
"`SM5_B(m)`"	"Confirmed"
"`SM6_B(m)`"	"Confirmed"
"`VE1_B(m)`"	"Confirmed"
"`VE2_B(m)`"	"Rejected"
"`VE3_B(m)`"	"Rejected"
"`VE1sign_B(m)`"	"Rejected"
"`VE2sign_B(m)`"	"Rejected"
"`VR1_B(m)`"	"Rejected"
"`VR2_B(m)`"	"Confirmed"
"`VR3_B(m)`"	"Rejected"
"`Wi_B(v)`"	"Rejected"
"`WiA_B(v)`"	"Rejected"
"`AVS_B(v)`"	"Rejected"
"`Chi_B(v)`"	"Rejected"
"`ChiA_B(v)`"	"Confirmed"
"`J_B(v)`"	"Confirmed"
"`HyWi_B(v)`"	"Rejected"
"`SpAbs_B(v)`"	"Rejected"
"`SpPos_B(v)`"	"Rejected"
"`SpPosA_B(v)`"	"Rejected"
"`SpPosLog_B(v)`"	"Rejected"
"`SpMax_B(v)`"	"Confirmed"
"`SpMaxA_B(v)`"	"Rejected"
"`SpDiam_B(v)`"	"Confirmed"
"`SpAD_B(v)`"	"Rejected"
"`SpMAD_B(v)`"	"Rejected"
"`Ho_B(v)`"	"Rejected"
"`EE_B(v)`"	"Rejected"
"`SM1_B(v)`"	"Rejected"
"`SM2_B(v)`"	"Rejected"
"`SM3_B(v)`"	"Rejected"
"`SM4_B(v)`"	"Rejected"
"`SM5_B(v)`"	"Rejected"
"`SM6_B(v)`"	"Confirmed"
"`VE1_B(v)`"	"Confirmed"
"`VE2_B(v)`"	"Rejected"
"`VE3_B(v)`"	"Rejected"
"`VE1sign_B(v)`"	"Rejected"
"`VE2sign_B(v)`"	"Rejected"
"`VR1_B(v)`"	"Rejected"
"`VR2_B(v)`"	"Confirmed"
"`VR3_B(v)`"	"Rejected"
"`Wi_B(e)`"	"Rejected"
"`WiA_B(e)`"	"Rejected"
"`AVS_B(e)`"	"Confirmed"
"`Chi_B(e)`"	"Rejected"
"`ChiA_B(e)`"	"Rejected"
"`J_B(e)`"	"Confirmed"
"`HyWi_B(e)`"	"Rejected"
"`SpAbs_B(e)`"	"Rejected"
"`SpPos_B(e)`"	"Rejected"
"`SpPosA_B(e)`"	"Rejected"
"`SpPosLog_B(e)`"	"Rejected"
"`SpMax_B(e)`"	"Confirmed"
"`SpMaxA_B(e)`"	"Rejected"
"`SpDiam_B(e)`"	"Confirmed"
"`SpAD_B(e)`"	"Rejected"
"`SpMAD_B(e)`"	"Rejected"
"`Ho_B(e)`"	"Rejected"
"`EE_B(e)`"	"Rejected"
"`SM1_B(e)`"	"Rejected"
"`SM2_B(e)`"	"Rejected"
"`SM3_B(e)`"	"Rejected"
"`SM4_B(e)`"	"Rejected"
"`SM5_B(e)`"	"Rejected"
"`SM6_B(e)`"	"Rejected"
"`VE1_B(e)`"	"Confirmed"
"`VE2_B(e)`"	"Rejected"
"`VE3_B(e)`"	"Rejected"
"`VE1sign_B(e)`"	"Rejected"
"`VE2sign_B(e)`"	"Rejected"
"`VR1_B(e)`"	"Rejected"
"`VR2_B(e)`"	"Confirmed"
"`VR3_B(e)`"	"Rejected"
"`Wi_B(p)`"	"Rejected"
"`WiA_B(p)`"	"Rejected"
"`AVS_B(p)`"	"Confirmed"
"`Chi_B(p)`"	"Rejected"
"`ChiA_B(p)`"	"Confirmed"
"`J_B(p)`"	"Rejected"
"`HyWi_B(p)`"	"Rejected"
"`SpAbs_B(p)`"	"Rejected"
"`SpPos_B(p)`"	"Rejected"
"`SpPosA_B(p)`"	"Confirmed"
"`SpPosLog_B(p)`"	"Rejected"
"`SpMax_B(p)`"	"Confirmed"
"`SpMaxA_B(p)`"	"Rejected"
"`SpDiam_B(p)`"	"Confirmed"
"`SpAD_B(p)`"	"Rejected"
"`SpMAD_B(p)`"	"Rejected"
"`Ho_B(p)`"	"Rejected"
"`EE_B(p)`"	"Confirmed"
"`SM1_B(p)`"	"Rejected"
"`SM2_B(p)`"	"Rejected"
"`SM3_B(p)`"	"Rejected"
"`SM4_B(p)`"	"Confirmed"
"`SM5_B(p)`"	"Confirmed"
"`SM6_B(p)`"	"Confirmed"
"`VE1_B(p)`"	"Confirmed"
"`VE2_B(p)`"	"Rejected"
"`VE3_B(p)`"	"Rejected"
"`VE1sign_B(p)`"	"Rejected"
"`VE2sign_B(p)`"	"Rejected"
"`VR1_B(p)`"	"Rejected"
"`VR2_B(p)`"	"Confirmed"
"`VR3_B(p)`"	"Rejected"
"`Wi_B(i)`"	"Rejected"
"`WiA_B(i)`"	"Rejected"
"`AVS_B(i)`"	"Confirmed"
"`Chi_B(i)`"	"Rejected"
"`ChiA_B(i)`"	"Confirmed"
"`J_B(i)`"	"Confirmed"
"`HyWi_B(i)`"	"Rejected"
"`SpAbs_B(i)`"	"Rejected"
"`SpPos_B(i)`"	"Rejected"
"`SpPosA_B(i)`"	"Confirmed"
"`SpPosLog_B(i)`"	"Rejected"
"`SpMax_B(i)`"	"Confirmed"
"`SpMaxA_B(i)`"	"Rejected"
"`SpDiam_B(i)`"	"Confirmed"
"`SpAD_B(i)`"	"Rejected"
"`SpMAD_B(i)`"	"Rejected"
"`Ho_B(i)`"	"Rejected"
"`EE_B(i)`"	"Rejected"
"`SM1_B(i)`"	"Rejected"
"`SM2_B(i)`"	"Rejected"
"`SM3_B(i)`"	"Confirmed"
"`SM4_B(i)`"	"Confirmed"
"`SM5_B(i)`"	"Confirmed"
"`SM6_B(i)`"	"Confirmed"
"`VE1_B(i)`"	"Confirmed"
"`VE2_B(i)`"	"Rejected"
"`VE3_B(i)`"	"Rejected"
"`VE1sign_B(i)`"	"Rejected"
"`VE2sign_B(i)`"	"Rejected"
"`VR1_B(i)`"	"Rejected"
"`VR2_B(i)`"	"Confirmed"
"`VR3_B(i)`"	"Rejected"
"MW"	"Rejected"
"AMW"	"Confirmed"
"Sv"	"Rejected"
"Se"	"Rejected"
"Sp"	"Rejected"
"Si"	"Rejected"
"Mv"	"Confirmed"
"Me"	"Rejected"
"Mp"	"Confirmed"
"Mi"	"Rejected"
"GD"	"Rejected"
"nAT"	"Rejected"
"nSK"	"Rejected"
"nTA"	"Rejected"
"nBT"	"Rejected"
"nBO"	"Rejected"
"nBM"	"Rejected"
"SCBO"	"Rejected"
"RBN"	"Rejected"
"RBF"	"Confirmed"
"nDB"	"Rejected"
"nTB"	"Rejected"
"nAB"	"Rejected"
"nH"	"Rejected"
"nC"	"Rejected"
"nN"	"Confirmed"
"nO"	"Confirmed"
"nP"	"Rejected"
"nS"	"Rejected"
"nF"	"Rejected"
"nCL"	"Rejected"
"nBR"	"Rejected"
"nI"	"Rejected"
"nB"	"Rejected"
"nHM"	"Rejected"
"nHet"	"Rejected"
"nX"	"Rejected"
"`H%`"	"Confirmed"
"`C%`"	"Confirmed"
"`N%`"	"Confirmed"
"`O%`"	"Confirmed"
"`X%`"	"Rejected"
"nCsp3"	"Confirmed"
"nCsp2"	"Rejected"
"nCsp"	"Rejected"
"nStructures"	"Rejected"
"totalcharge"	"Rejected"
"CATS2D_00_DD"	"Rejected"
"CATS2D_01_DD"	"Rejected"
"CATS2D_02_DD"	"Rejected"
"CATS2D_03_DD"	"Rejected"
"CATS2D_04_DD"	"Rejected"
"CATS2D_05_DD"	"Rejected"
"CATS2D_06_DD"	"Rejected"
"CATS2D_07_DD"	"Rejected"
"CATS2D_08_DD"	"Rejected"
"CATS2D_09_DD"	"Rejected"
"CATS2D_00_DA"	"Rejected"
"CATS2D_01_DA"	"Rejected"
"CATS2D_02_DA"	"Confirmed"
"CATS2D_03_DA"	"Rejected"
"CATS2D_04_DA"	"Rejected"
"CATS2D_05_DA"	"Confirmed"
"CATS2D_06_DA"	"Rejected"
"CATS2D_07_DA"	"Rejected"
"CATS2D_08_DA"	"Rejected"
"CATS2D_09_DA"	"Rejected"
"CATS2D_00_DP"	"Rejected"
"CATS2D_01_DP"	"Rejected"
"CATS2D_02_DP"	"Rejected"
"CATS2D_03_DP"	"Rejected"
"CATS2D_04_DP"	"Rejected"
"CATS2D_05_DP"	"Rejected"
"CATS2D_06_DP"	"Rejected"
"CATS2D_07_DP"	"Rejected"
"CATS2D_08_DP"	"Rejected"
"CATS2D_09_DP"	"Rejected"
"CATS2D_00_DN"	"Rejected"
"CATS2D_01_DN"	"Rejected"
"CATS2D_02_DN"	"Confirmed"
"CATS2D_03_DN"	"Rejected"
"CATS2D_04_DN"	"Confirmed"
"CATS2D_05_DN"	"Rejected"
"CATS2D_06_DN"	"Rejected"
"CATS2D_07_DN"	"Rejected"
"CATS2D_08_DN"	"Rejected"
"CATS2D_09_DN"	"Rejected"
"CATS2D_00_DL"	"Rejected"
"CATS2D_01_DL"	"Rejected"
"CATS2D_02_DL"	"Confirmed"
"CATS2D_03_DL"	"Confirmed"
"CATS2D_04_DL"	"Confirmed"
"CATS2D_05_DL"	"Rejected"
"CATS2D_06_DL"	"Confirmed"
"CATS2D_07_DL"	"Confirmed"
"CATS2D_08_DL"	"Confirmed"
"CATS2D_09_DL"	"Confirmed"
"CATS2D_00_AA"	"Rejected"
"CATS2D_01_AA"	"Rejected"
"CATS2D_02_AA"	"Rejected"
"CATS2D_03_AA"	"Rejected"
"CATS2D_04_AA"	"Rejected"
"CATS2D_05_AA"	"Rejected"
"CATS2D_06_AA"	"Rejected"
"CATS2D_07_AA"	"Rejected"
"CATS2D_08_AA"	"Rejected"
"CATS2D_09_AA"	"Rejected"
"CATS2D_00_AP"	"Rejected"
"CATS2D_01_AP"	"Rejected"
"CATS2D_02_AP"	"Confirmed"
"CATS2D_03_AP"	"Rejected"
"CATS2D_04_AP"	"Confirmed"
"CATS2D_05_AP"	"Rejected"
"CATS2D_06_AP"	"Rejected"
"CATS2D_07_AP"	"Rejected"
"CATS2D_08_AP"	"Rejected"
"CATS2D_09_AP"	"Rejected"
"CATS2D_00_AN"	"Rejected"
"CATS2D_01_AN"	"Rejected"
"CATS2D_02_AN"	"Rejected"
"CATS2D_03_AN"	"Rejected"
"CATS2D_04_AN"	"Rejected"
"CATS2D_05_AN"	"Rejected"
"CATS2D_06_AN"	"Rejected"
"CATS2D_07_AN"	"Confirmed"
"CATS2D_08_AN"	"Rejected"
"CATS2D_09_AN"	"Rejected"
"CATS2D_00_AL"	"Rejected"
"CATS2D_01_AL"	"Rejected"
"CATS2D_02_AL"	"Confirmed"
"CATS2D_03_AL"	"Rejected"
"CATS2D_04_AL"	"Confirmed"
"CATS2D_05_AL"	"Rejected"
"CATS2D_06_AL"	"Rejected"
"CATS2D_07_AL"	"Confirmed"
"CATS2D_08_AL"	"Confirmed"
"CATS2D_09_AL"	"Confirmed"
"CATS2D_00_PP"	"Rejected"
"CATS2D_01_PP"	"Rejected"
"CATS2D_02_PP"	"Rejected"
"CATS2D_03_PP"	"Rejected"
"CATS2D_04_PP"	"Rejected"
"CATS2D_05_PP"	"Rejected"
"CATS2D_06_PP"	"Rejected"
"CATS2D_07_PP"	"Rejected"
"CATS2D_08_PP"	"Rejected"
"CATS2D_09_PP"	"Rejected"
"CATS2D_00_PN"	"Rejected"
"CATS2D_01_PN"	"Rejected"
"CATS2D_02_PN"	"Rejected"
"CATS2D_03_PN"	"Confirmed"
"CATS2D_04_PN"	"Rejected"
"CATS2D_05_PN"	"Rejected"
"CATS2D_06_PN"	"Rejected"
"CATS2D_07_PN"	"Rejected"
"CATS2D_08_PN"	"Rejected"
"CATS2D_09_PN"	"Rejected"
"CATS2D_00_PL"	"Rejected"
"CATS2D_01_PL"	"Rejected"
"CATS2D_02_PL"	"Rejected"
"CATS2D_03_PL"	"Confirmed"
"CATS2D_04_PL"	"Confirmed"
"CATS2D_05_PL"	"Rejected"
"CATS2D_06_PL"	"Rejected"
"CATS2D_07_PL"	"Rejected"
"CATS2D_08_PL"	"Rejected"
"CATS2D_09_PL"	"Rejected"
"CATS2D_00_NN"	"Rejected"
"CATS2D_01_NN"	"Rejected"
"CATS2D_02_NN"	"Rejected"
"CATS2D_03_NN"	"Rejected"
"CATS2D_04_NN"	"Rejected"
"CATS2D_05_NN"	"Rejected"
"CATS2D_06_NN"	"Rejected"
"CATS2D_07_NN"	"Rejected"
"CATS2D_08_NN"	"Rejected"
"CATS2D_09_NN"	"Rejected"
"CATS2D_00_NL"	"Rejected"
"CATS2D_01_NL"	"Rejected"
"CATS2D_02_NL"	"Rejected"
"CATS2D_03_NL"	"Rejected"
"CATS2D_04_NL"	"Confirmed"
"CATS2D_05_NL"	"Rejected"
"CATS2D_06_NL"	"Rejected"
"CATS2D_07_NL"	"Rejected"
"CATS2D_08_NL"	"Rejected"
"CATS2D_09_NL"	"Rejected"
"CATS2D_00_LL"	"Rejected"
"CATS2D_01_LL"	"Rejected"
"CATS2D_02_LL"	"Confirmed"
"CATS2D_03_LL"	"Rejected"
"CATS2D_04_LL"	"Rejected"
"CATS2D_05_LL"	"Rejected"
"CATS2D_06_LL"	"Rejected"
"CATS2D_07_LL"	"Rejected"
"CATS2D_08_LL"	"Rejected"
"CATS2D_09_LL"	"Rejected"
"ISIZ"	"Rejected"
"IAC"	"Rejected"
"AAC"	"Confirmed"
"IDE"	"Confirmed"
"IDM"	"Rejected"
"IDDE"	"Rejected"
"IDDM"	"Rejected"
"IDET"	"Rejected"
"IDMT"	"Rejected"
"IVDE"	"Confirmed"
"IVDM"	"Rejected"
"Ges"	"Rejected"
"rGes"	"Confirmed"
"S0K"	"Rejected"
"HVcpx"	"Confirmed"
"HDcpx"	"Rejected"
"Uindex"	"Confirmed"
"Vindex"	"Confirmed"
"Xindex"	"Confirmed"
"Yindex"	"Confirmed"
"IC0"	"Confirmed"
"IC1"	"Confirmed"
"IC2"	"Rejected"
"IC3"	"Rejected"
"IC4"	"Rejected"
"IC5"	"Confirmed"
"TIC0"	"Rejected"
"TIC1"	"Rejected"
"TIC2"	"Rejected"
"TIC3"	"Rejected"
"TIC4"	"Rejected"
"TIC5"	"Rejected"
"SIC0"	"Confirmed"
"SIC1"	"Rejected"
"SIC2"	"Rejected"
"SIC3"	"Confirmed"
"SIC4"	"Confirmed"
"SIC5"	"Confirmed"
"CIC0"	"Confirmed"
"CIC1"	"Rejected"
"CIC2"	"Rejected"
"CIC3"	"Confirmed"
"CIC4"	"Confirmed"
"CIC5"	"Confirmed"
"BIC0"	"Confirmed"
"BIC1"	"Rejected"
"BIC2"	"Rejected"
"BIC3"	"Confirmed"
"BIC4"	"Confirmed"
"BIC5"	"Confirmed"
"MWC01"	"Rejected"
"MWC02"	"Rejected"
"MWC03"	"Rejected"
"MWC04"	"Rejected"
"MWC05"	"Rejected"
"MWC06"	"Rejected"
"MWC07"	"Rejected"
"MWC08"	"Rejected"
"MWC09"	"Rejected"
"MWC10"	"Rejected"
"SRW02"	"Rejected"
"SRW03"	"Rejected"
"SRW04"	"Rejected"
"SRW05"	"Rejected"
"SRW06"	"Rejected"
"SRW07"	"Rejected"
"SRW08"	"Rejected"
"SRW09"	"Rejected"
"SRW10"	"Rejected"
"MPC01"	"Rejected"
"MPC02"	"Rejected"
"MPC03"	"Rejected"
"MPC04"	"Rejected"
"MPC05"	"Rejected"
"MPC06"	"Rejected"
"MPC07"	"Rejected"
"MPC08"	"Rejected"
"MPC09"	"Rejected"
"MPC10"	"Rejected"
"piPC01"	"Rejected"
"piPC02"	"Confirmed"
"piPC03"	"Confirmed"
"piPC04"	"Confirmed"
"piPC05"	"Confirmed"
"piPC06"	"Confirmed"
"piPC07"	"Confirmed"
"piPC08"	"Confirmed"
"piPC09"	"Confirmed"
"piPC10"	"Confirmed"
"TWC"	"Rejected"
"TPC"	"Rejected"
"piID"	"Confirmed"
"PCR"	"Rejected"
"PCD"	"Confirmed"
"CID"	"Rejected"
"BID"	"Rejected"
